EmployeeID,StartDate,DOB,Age,YearsAtCompany,TrainingDate,SurveyDate,Department,JobRole,Attrition,BusinessTravel,Overtime,Gender,MaritalStatus,EducationField,PerformanceRating,MonthlyIncome,NumCompaniesWorked,DistanceFromHome,TrainingProgram,TrainingType,TrainingOutcome,TrainingCost,EngagementScore,SatisfactionScore,WorkLifeBalanceScore
EMP0001,01-Jul-17,26-May-71,55,8,08-Oct-22,17-Mar-25,Research & Development,Manufacturing Director,Yes,Frequently,Yes,Female,Widowed,Medical,4,84757,4,19,Project Management,External,Failed,200.36,4,3,5
EMP0002,24-Jul-15,14-Dec-99,27,10,05-Aug-17,01-Apr-26,Human Resources,Recruiter,No,Travel,No,Male,Widowed,Life Sciences,4,74184,2,10,Technical Skills,Internal,Failed,204.71,2,5,1
EMP0003,03-Mar-21,20-Jul-99,27,5,31-Mar-22,24-Jan-25,Research & Development,Laboratory Technician,No,Rarely,No,Female,Single,Marketing,5,83355,1,9,Project Management,Internal,Passed,953.72,4,3,4
EMP0004,29-Jun-20,10-Sep-93,33,5,19-Apr-23,18-Nov-25,Research & Development,Manufacturing Director,No,Rarely,Yes,Female,Married,Human Resources,5,58792,7,18,Project Management,External,Passed,292.21,2,2,4
EMP0005,03-Jan-20,03-Feb-84,42,6,13-Apr-24,25-Sep-24,Sales,Sales Representative,No,Rarely,No,Female,Married,Medical,3,51863,1,7,Leadership Development,Internal,Incomplete,834.33,3,3,5
EMP0006,17-Feb-18,10-Nov-84,42,8,09-Apr-18,05-May-25,Sales,Sales Representative,No,Rarely,No,Male,Divorced,Medical,5,43433,1,3,Technical Skills,Internal,Failed,322.03,4,4,4
EMP0007,19-Apr-17,20-Aug-85,41,9,31-Aug-18,11-Dec-25,Sales,Sales Executive,No,Rarely,Yes,Male,Single,Medical,1,72178,1,12,Project Management,External,Failed,487.7,3,5,4
EMP0008,13-Dec-16,23-Mar-77,49,9,25-Jul-25,20-Aug-24,Research & Development,Research Scientist,No,Rarely,No,Male,Widowed,Other,3,44204,6,15,Technical Skills,External,Failed,689.45,4,4,5
EMP0009,18-Jun-24,15-Jun-76,50,1,27-Feb-25,24-Jan-25,Research & Development,Manufacturing Director,No,Rarely,No,Male,Married,Life Sciences,5,101973,6,22,Customer Service,Internal,Passed,242.98,2,3,4
EMP0010,18-Sep-15,28-Dec-02,24,10,11-Jan-20,20-Feb-26,Research & Development,Research Scientist,No,Frequently,No,Female,Married,Technical Degree,3,38847,3,21,Customer Service,Internal,Passed,763.52,4,3,2
EMP0011,02-Sep-15,14-Oct-82,44,10,25-Apr-24,15-Jan-26,Sales,Sales Executive,No,Rarely,Yes,Female,Single,Other,3,70473,2,13,Technical Skills,External,Failed,720.92,3,3,3
EMP0012,06-Feb-17,26-Nov-87,39,9,25-Jan-22,05-Dec-24,Human Resources,Healthcare Representative,No,Frequently,No,Female,Single,Life Sciences,3,96337,7,6,Project Management,Internal,Passed,588.77,4,1,5
EMP0013,27-Nov-19,22-Feb-01,25,6,04-Sep-22,27-Mar-25,Research & Development,Research Scientist,No,Rarely,No,Female,Married,Other,4,76981,7,8,Technical Skills,Internal,Passed,609.3,2,4,3
EMP0014,20-Mar-20,12-Jul-64,62,6,04-Aug-20,31-Oct-25,Sales,Sales Manager,No,Rarely,Yes,Female,Single,Other,4,68513,2,14,Technical Skills,Internal,Failed,195.19,3,2,4
EMP0015,02-May-26,22-Dec-72,54,0,14-May-26,21-Sep-24,Sales,Area Sales Manager,No,Rarely,No,Male,Divorced,Other,4,45630,3,3,Customer Service,Internal,Incomplete,492.35,3,5,4
EMP0016,06-Aug-15,05-Jan-94,32,10,05-Oct-20,22-Aug-24,Sales,Area Sales Manager,No,Rarely,No,Male,Single,Medical,5,37364,1,16,Technical Skills,External,Passed,177.91,3,4,5
EMP0017,17-Jun-19,26-Nov-66,60,6,05-Jul-20,23-Feb-26,Sales,Sales Manager,No,Rarely,No,Male,Married,Technical Degree,4,80401,5,18,Communication Skills,External,Failed,377.08,3,5,4
EMP0018,29-May-24,05-Jan-76,50,2,13-Nov-25,16-Mar-25,Research & Development,Research Director,No,Rarely,No,Female,Married,Human Resources,3,95122,5,24,Communication Skills,Internal,Passed,910.28,3,5,4
EMP0019,11-Dec-19,25-Apr-00,26,6,12-Apr-22,19-Sep-25,Research & Development,Manufacturing Director,No,Rarely,No,Male,Married,Other,5,56223,3,17,Customer Service,Internal,Passed,617.08,5,5,1
EMP0020,27-Jan-25,12-Jun-63,63,1,26-Sep-25,26-Feb-26,Sales,Sales Manager,No,Rarely,No,Female,Married,Life Sciences,3,42218,7,18,Project Management,Internal,Incomplete,768.43,2,2,4
EMP0021,28-Mar-21,02-Oct-80,46,5,02-Jun-23,07-May-26,Research & Development,Laboratory Technician,Yes,Rarely,Yes,Female,Single,Human Resources,2,30000,5,10,Project Management,External,Completed,616.5,4,5,3
EMP0022,23-Feb-15,22-Mar-66,60,11,22-Feb-22,29-Mar-26,Sales,Sales Executive,No,Travel,Yes,Male,Single,Medical,2,45384,4,17,Customer Service,Internal,Passed,274.81,4,4,5
EMP0023,31-Jul-18,12-Jun-76,50,7,15-Mar-22,31-Mar-26,Sales,Sales Executive,No,Rarely,No,Male,Single,Life Sciences,4,62726,2,16,Project Management,Internal,Failed,635.33,3,4,5
EMP0024,24-Jun-24,19-Feb-76,50,1,03-Dec-24,03-Nov-24,Research & Development,Manufacturing Director,No,Frequently,No,Female,Married,Marketing,2,96982,5,21,Leadership Development,External,Passed,779.85,4,2,3
EMP0025,19-Aug-22,12-Sep-96,30,3,27-Feb-26,28-Sep-25,Research & Development,Research Director,No,Rarely,No,Male,Married,Human Resources,2,78462,6,24,Communication Skills,Internal,Completed,224.56,5,2,3
EMP0026,26-Mar-21,21-Jun-79,47,5,25-Apr-25,12-Mar-25,Research & Development,Research Director,No,Travel,Yes,Female,Married,Marketing,3,71101,6,2,Leadership Development,External,Passed,835.22,3,5,4
EMP0027,27-Jun-18,04-Apr-87,39,7,16-Dec-18,23-May-26,Sales,Sales Representative,No,Frequently,Yes,Male,Married,Technical Degree,3,56997,7,20,Leadership Development,Internal,Completed,599.85,5,3,4
EMP0028,30-Oct-19,06-Dec-03,23,6,28-Dec-25,18-Jan-25,Research & Development,Research Scientist,No,Rarely,No,Male,Married,Other,4,53336,7,4,Leadership Development,Internal,Failed,103.85,1,2,4
EMP0029,20-Jul-22,13-Sep-73,53,3,20-Jun-25,10-Jan-26,Research & Development,Research Director,No,Rarely,No,Male,Married,Marketing,5,93112,4,11,Customer Service,External,Passed,567.8,4,3,5
EMP0030,17-Apr-17,09-Feb-69,57,9,30-Aug-18,12-Aug-24,Sales,Sales Manager,Yes,Travel,Yes,Female,Single,Technical Degree,4,69014,2,27,Leadership Development,Internal,Incomplete,456.1,3,5,5
EMP0031,29-Jan-17,15-Dec-88,38,9,02-Dec-19,25-Aug-24,Research & Development,Research Director,No,Rarely,No,Female,Single,Marketing,3,30000,4,7,Technical Skills,Internal,Incomplete,366.8,3,4,4
EMP0032,10-Jul-23,10-Oct-91,35,2,21-Mar-26,11-Jun-26,Sales,Area Sales Manager,No,Rarely,No,Male,Widowed,Marketing,3,51529,2,17,Project Management,Internal,Passed,794.13,4,5,3
EMP0033,03-Mar-17,04-Apr-73,53,9,30-Apr-24,04-May-26,Sales,Sales Manager,No,Rarely,Yes,Male,Divorced,Technical Degree,5,47835,2,25,Customer Service,External,Completed,909.55,3,3,4
EMP0034,19-Jan-23,15-Feb-96,30,3,21-Sep-24,31-Jul-24,Human Resources,HR Manager,Yes,Frequently,No,Female,Single,Other,1,54074,7,19,Technical Skills,Internal,Completed,786.39,3,3,5
EMP0035,18-Sep-22,15-Dec-93,33,3,29-Oct-23,08-May-25,Human Resources,Healthcare Representative,No,Frequently,No,Male,Married,Technical Degree,5,76258,5,6,Technical Skills,External,Completed,862.1,3,4,4
EMP0036,06-Dec-20,28-Nov-99,27,5,14-Dec-22,12-Sep-25,Research & Development,Research Director,No,Rarely,No,Male,Divorced,Human Resources,3,62851,6,10,Communication Skills,External,Incomplete,917.9,4,4,4
EMP0037,22-Dec-15,12-Nov-84,42,10,04-Dec-25,07-Jan-26,Sales,Sales Representative,No,Rarely,No,Male,Married,Life Sciences,5,63462,3,21,Communication Skills,External,Failed,921.37,4,3,1
EMP0038,21-Apr-25,18-Sep-00,26,1,17-May-25,25-Jun-24,Sales,Area Sales Manager,No,Rarely,Yes,Male,Single,Medical,3,91269,5,4,Technical Skills,External,Completed,203.17,3,3,5
EMP0039,19-Oct-17,28-May-86,40,8,10-Apr-25,09-Jul-25,Research & Development,Research Director,No,Rarely,Yes,Male,Single,Technical Degree,4,51070,7,25,Communication Skills,Internal,Completed,510.75,2,3,4
EMP0040,28-Jun-23,23-Dec-94,32,2,16-Sep-24,07-May-25,Research & Development,Research Director,No,Travel,No,Male,Married,Life Sciences,4,102283,1,27,Project Management,Internal,Failed,100.26,4,3,3
EMP0041,07-Oct-16,26-Mar-64,62,9,12-Jan-18,31-Oct-24,Sales,Sales Manager,No,Rarely,No,Male,Widowed,Medical,4,51573,4,28,Project Management,Internal,Failed,555.82,4,4,3
EMP0042,29-Jul-21,08-Sep-81,45,4,24-Nov-22,08-Jun-26,Research & Development,Manufacturing Director,No,Rarely,Yes,Female,Married,Technical Degree,3,66783,7,25,Communication Skills,Internal,Passed,931.82,2,3,2
EMP0043,10-Feb-23,26-Apr-97,29,3,18-Jul-25,31-Dec-24,Sales,Sales Representative,No,Rarely,Yes,Female,Single,Life Sciences,4,59375,1,1,Leadership Development,Internal,Completed,279.19,3,1,5
EMP0044,25-Apr-19,26-Apr-96,30,7,14-Dec-22,17-Jun-24,Human Resources,HR Manager,No,Frequently,Yes,Female,Single,Medical,4,67468,2,7,Technical Skills,Internal,Completed,675.81,2,2,4
EMP0045,23-Jul-16,12-Jan-73,53,9,22-Sep-16,25-Jan-25,Sales,Sales Executive,Yes,Rarely,No,Male,Married,Technical Degree,1,73891,7,26,Project Management,External,Failed,679.94,5,3,4
EMP0046,11-Jan-16,12-Oct-69,57,10,26-Nov-17,07-Feb-25,Research & Development,Research Director,Yes,Rarely,Yes,Female,Divorced,Technical Degree,1,73676,5,25,Communication Skills,External,Failed,244.32,4,5,2
EMP0047,10-Feb-20,05-Sep-75,51,6,16-Mar-23,22-Mar-25,Sales,Sales Executive,No,Rarely,No,Male,Married,Other,4,49937,1,21,Communication Skills,Internal,Passed,314.67,1,3,3
EMP0048,28-Jun-21,03-Feb-65,61,4,07-Oct-24,24-Apr-25,Research & Development,Laboratory Technician,Yes,Rarely,Yes,Female,Married,Technical Degree,2,42541,1,16,Project Management,Internal,Passed,515.82,5,1,4
EMP0049,15-Oct-16,23-Jul-85,41,9,17-Feb-18,01-Apr-26,Research & Development,Research Scientist,Yes,Rarely,Yes,Female,Single,Marketing,4,115063,6,17,Project Management,Internal,Failed,269.39,1,3,3
EMP0050,22-Mar-20,14-Sep-74,52,6,29-Aug-24,05-Dec-24,Sales,Area Sales Manager,No,Rarely,Yes,Male,Divorced,Other,3,55320,7,24,Leadership Development,Internal,Failed,626.49,3,4,4
EMP0051,07-Apr-17,03-Oct-78,48,9,11-Feb-26,23-Oct-25,Human Resources,Healthcare Representative,No,Rarely,No,Female,Married,Human Resources,4,78984,1,5,Communication Skills,Internal,Completed,536.09,5,4,3
EMP0052,11-Jul-23,21-Jun-96,30,2,19-Nov-24,08-Jun-26,Research & Development,Research Scientist,No,Travel,Yes,Female,Single,Medical,3,32847,6,22,Communication Skills,External,Failed,567.28,5,3,3
EMP0053,27-Mar-21,15-Aug-00,26,5,14-Apr-21,14-May-25,Human Resources,Healthcare Representative,No,Frequently,No,Female,Married,Life Sciences,4,59407,6,23,Customer Service,Internal,Incomplete,221.02,4,4,4
EMP0054,03-Mar-25,12-Sep-61,65,1,24-Mar-25,06-Jul-24,Research & Development,Laboratory Technician,No,Travel,No,Male,Single,Technical Degree,2,62456,2,10,Leadership Development,Internal,Passed,565.53,3,4,5
EMP0055,08-Mar-23,21-Sep-96,30,3,10-Jun-26,03-Feb-25,Research & Development,Research Director,No,Rarely,No,Male,Single,Technical Degree,1,74456,6,7,Project Management,Internal,Incomplete,144.53,3,2,3
EMP0056,25-Aug-18,25-Mar-67,59,7,24-May-26,07-Feb-26,Human Resources,HR Manager,No,Travel,No,Male,Single,Human Resources,2,30000,2,13,Project Management,External,Passed,893.38,5,2,4
EMP0057,21-Apr-23,17-Jul-96,30,3,19-Dec-25,08-Nov-24,Sales,Sales Manager,Yes,Rarely,Yes,Male,Single,Human Resources,5,68322,6,28,Technical Skills,External,Failed,408.92,4,4,2
EMP0058,20-Dec-22,17-Feb-01,25,3,24-Apr-26,10-Dec-24,Sales,Area Sales Manager,No,Rarely,No,Male,Single,Technical Degree,2,42005,6,7,Project Management,External,Failed,870.7,3,4,4
EMP0059,13-Sep-19,06-May-95,31,6,08-Jun-21,09-Jun-25,Sales,Sales Manager,Yes,Rarely,No,Female,Married,Other,4,71486,7,15,Communication Skills,Internal,Passed,731.49,3,5,5
EMP0060,27-Dec-20,23-Jun-94,32,5,26-Jan-23,05-Jul-25,Sales,Area Sales Manager,No,Rarely,No,Female,Married,Technical Degree,2,44273,7,17,Project Management,Internal,Passed,789.56,5,3,1
EMP0061,07-Aug-16,17-Jun-90,36,9,30-Mar-25,13-Jul-24,Research & Development,Manufacturing Director,No,Rarely,No,Male,Married,Life Sciences,2,47890,2,23,Communication Skills,Internal,Passed,383.09,5,4,3
EMP0062,02-Nov-18,09-Feb-86,40,7,03-Nov-19,05-Aug-25,Sales,Sales Executive,No,Rarely,No,Female,Single,Human Resources,4,59527,1,27,Communication Skills,Internal,Completed,304.97,4,2,2
EMP0063,28-Jun-20,18-Nov-92,34,5,12-Apr-23,27-Apr-25,Research & Development,Manufacturing Director,No,Rarely,No,Female,Single,Medical,4,43953,4,3,Leadership Development,External,Passed,466.07,4,5,4
EMP0064,31-Aug-18,21-Mar-87,39,7,06-Jun-20,16-Apr-26,Research & Development,Laboratory Technician,No,Rarely,No,Male,Married,Human Resources,5,55489,5,5,Project Management,Internal,Incomplete,121.8,1,4,4
EMP0065,14-May-25,18-Oct-85,41,1,24-Jan-26,02-Sep-24,Sales,Sales Executive,No,Rarely,No,Male,Married,Other,5,41132,5,10,Leadership Development,Internal,Passed,926.88,4,4,2
EMP0066,06-Jul-23,21-Sep-99,27,2,09-Jan-24,18-Aug-24,Research & Development,Laboratory Technician,Yes,Rarely,Yes,Female,Single,Technical Degree,4,30000,2,5,Communication Skills,External,Incomplete,448.31,4,2,2
EMP0067,20-Jan-21,19-Oct-94,32,5,24-Nov-24,11-Mar-26,Sales,Sales Representative,No,Rarely,No,Female,Divorced,Technical Degree,4,85359,1,24,Project Management,Internal,Passed,989.7,1,1,5
EMP0068,05-Dec-19,22-Mar-95,31,6,21-Sep-23,02-Jun-25,Research & Development,Research Scientist,No,Frequently,No,Male,Married,Marketing,4,39079,7,7,Project Management,External,Passed,785.3,5,4,4
EMP0069,10-Apr-22,20-Dec-65,61,4,11-Oct-25,11-Dec-24,Sales,Area Sales Manager,No,Frequently,Yes,Male,Divorced,Marketing,3,61426,7,7,Leadership Development,Internal,Passed,172.46,5,2,4
EMP0070,03-Apr-16,02-Oct-83,43,10,04-Dec-16,28-Jun-25,Human Resources,Recruiter,No,Rarely,No,Male,Married,Marketing,5,80057,4,22,Leadership Development,Internal,Incomplete,694.17,2,2,5
EMP0071,20-Feb-20,02-Feb-03,23,6,21-Oct-20,21-Mar-26,Research & Development,Research Scientist,No,Rarely,No,Male,Single,Technical Degree,4,52701,3,23,Communication Skills,Internal,Failed,343.76,5,2,3
EMP0072,20-Sep-15,09-Oct-63,63,10,15-Sep-19,26-Feb-25,Sales,Sales Executive,No,Rarely,No,Male,Married,Human Resources,4,48496,7,14,Communication Skills,External,Passed,319.35,4,2,5
EMP0073,28-Jan-22,25-Apr-63,63,4,09-Sep-25,19-Aug-25,Sales,Sales Manager,No,Frequently,No,Male,Single,Technical Degree,3,69524,2,23,Project Management,Internal,Passed,330.91,4,4,5
EMP0074,31-Dec-23,20-Jul-68,58,2,05-Jun-24,17-Aug-24,Research & Development,Research Director,No,Rarely,No,Male,Married,Life Sciences,1,87358,3,15,Project Management,Internal,Passed,924.47,5,3,3
EMP0075,02-Jan-21,16-Jan-64,62,5,08-Dec-24,16-Nov-25,Research & Development,Research Director,No,Rarely,Yes,Female,Single,Marketing,5,41613,5,5,Customer Service,Internal,Failed,549.98,3,3,4
EMP0076,26-Jun-16,10-Sep-64,62,9,01-Jul-22,13-Dec-25,Research & Development,Manufacturing Director,No,Rarely,No,Male,Divorced,Human Resources,3,61997,5,5,Customer Service,External,Passed,702.52,4,3,4
EMP0077,25-Sep-19,16-May-63,63,6,07-Dec-20,21-Nov-24,Research & Development,Laboratory Technician,No,Rarely,Yes,Female,Single,Marketing,4,30350,7,4,Technical Skills,External,Completed,352.85,3,5,5
EMP0078,21-Jan-22,13-Nov-89,37,4,05-Oct-22,02-May-26,Sales,Sales Manager,Yes,Rarely,Yes,Female,Divorced,Technical Degree,2,57135,4,20,Communication Skills,Internal,Failed,570.66,4,5,3
EMP0079,08-Oct-19,03-Aug-85,41,6,28-Mar-25,14-May-25,Research & Development,Research Scientist,No,Frequently,No,Male,Divorced,Human Resources,5,65684,4,21,Technical Skills,Internal,Incomplete,415.09,3,4,4
EMP0080,13-Mar-26,15-Mar-01,25,0,11-Apr-26,04-Aug-24,Sales,Sales Manager,Yes,Rarely,Yes,Male,Married,Technical Degree,1,47907,3,26,Technical Skills,External,Failed,389.03,2,4,5
EMP0081,16-Nov-23,15-Aug-78,48,2,05-Oct-24,28-Nov-25,Research & Development,Research Director,No,Rarely,No,Male,Married,Marketing,5,55860,7,9,Leadership Development,External,Passed,322.27,3,3,5
EMP0082,16-Apr-25,20-Jun-91,35,1,26-Jan-26,09-Aug-25,Research & Development,Research Director,Yes,Frequently,Yes,Female,Married,Other,2,36835,5,27,Leadership Development,External,Incomplete,468.11,2,4,5
EMP0083,16-Mar-18,28-Jun-95,31,8,07-Jun-25,29-Jun-24,Sales,Area Sales Manager,No,Frequently,Yes,Male,Divorced,Life Sciences,5,66541,4,12,Customer Service,Internal,Passed,694.03,2,4,4
EMP0084,09-Dec-20,28-Dec-84,42,5,07-Mar-25,08-May-25,Sales,Sales Representative,No,Rarely,No,Male,Married,Other,4,86113,4,16,Technical Skills,Internal,Failed,299.84,2,4,5
EMP0085,17-Feb-18,05-Jul-82,44,8,09-Jan-22,22-Feb-26,Sales,Sales Executive,Yes,Rarely,No,Male,Married,Life Sciences,3,43057,5,22,Customer Service,External,Completed,968.9,4,3,3
EMP0086,13-Jul-20,18-Sep-81,45,5,13-Jun-25,04-Sep-24,Sales,Sales Representative,No,Rarely,No,Female,Married,Life Sciences,4,52546,7,8,Communication Skills,External,Passed,212.15,5,4,4
EMP0087,22-Nov-20,08-Jun-98,28,5,01-Jan-25,06-Jul-24,Research & Development,Laboratory Technician,No,Travel,No,Female,Widowed,Other,3,75050,5,9,Project Management,External,Passed,532.19,5,5,4
EMP0088,10-Aug-24,09-Feb-75,51,1,23-Feb-25,09-Jun-25,Research & Development,Manufacturing Director,No,Rarely,No,Male,Married,Medical,3,89241,1,12,Leadership Development,Internal,Passed,176.53,5,5,4
EMP0089,16-Dec-23,05-Apr-76,50,2,06-Jan-24,29-Jan-25,Research & Development,Manufacturing Director,Yes,Travel,No,Female,Married,Human Resources,5,35136,6,20,Communication Skills,External,Passed,120.4,5,4,2
EMP0090,13-Feb-23,10-Jan-98,28,3,27-Mar-25,17-Mar-26,Research & Development,Manufacturing Director,No,Rarely,Yes,Male,Married,Human Resources,4,61624,4,28,Communication Skills,External,Passed,930.41,1,3,4
EMP0091,02-Dec-19,14-Oct-80,46,6,08-Dec-23,02-Sep-24,Sales,Area Sales Manager,No,Rarely,No,Male,Divorced,Other,3,70662,3,29,Leadership Development,External,Passed,829.35,4,3,2
EMP0092,07-Feb-18,27-Mar-89,37,8,24-Mar-26,20-Mar-25,Research & Development,Laboratory Technician,Yes,Rarely,No,Female,Married,Other,3,62958,7,7,Leadership Development,Internal,Passed,724.74,4,5,3
EMP0093,25-Jan-26,24-Oct-84,42,0,28-Feb-26,29-Nov-25,Research & Development,Research Director,Yes,Rarely,Yes,Female,Single,Medical,3,30000,2,21,Technical Skills,External,Completed,878.67,2,2,3
EMP0094,14-Jan-17,25-Apr-84,42,9,06-Nov-19,19-Jan-26,Research & Development,Laboratory Technician,No,Rarely,Yes,Female,Married,Human Resources,5,75021,2,4,Customer Service,External,Failed,822.56,4,4,5
EMP0095,21-Jan-16,17-Aug-94,32,10,17-Feb-26,06-May-26,Research & Development,Research Scientist,No,Rarely,No,Male,Widowed,Life Sciences,3,95386,5,28,Communication Skills,External,Failed,682.51,3,3,3
EMP0096,17-Jun-17,10-Aug-75,51,8,25-Nov-17,26-Nov-25,Research & Development,Manufacturing Director,No,Rarely,No,Female,Married,Marketing,5,67333,6,23,Technical Skills,External,Failed,862.61,5,4,5
EMP0097,06-Jun-18,03-Jan-73,53,8,14-Nov-23,17-May-26,Research & Development,Manufacturing Director,No,Travel,Yes,Male,Divorced,Human Resources,5,44377,7,3,Technical Skills,External,Completed,451.72,4,4,2
EMP0098,03-Aug-18,15-Sep-79,47,7,30-Jun-23,12-Oct-24,Research & Development,Research Scientist,No,Rarely,No,Male,Single,Marketing,2,54737,7,1,Communication Skills,External,Incomplete,597.48,5,5,4
EMP0099,20-Jun-24,19-Apr-89,37,1,13-Jan-26,10-Oct-25,Sales,Sales Executive,No,Frequently,No,Male,Married,Technical Degree,3,100398,3,7,Communication Skills,Internal,Completed,798.68,2,2,4
EMP0100,04-Jun-16,02-Jan-82,44,10,24-Sep-19,27-Jan-25,Sales,Sales Manager,Yes,Rarely,Yes,Female,Married,Technical Degree,5,83199,1,9,Project Management,External,Completed,176.32,1,4,4
EMP0101,19-Aug-23,20-Aug-86,40,2,18-May-26,09-May-25,Sales,Sales Manager,No,Rarely,No,Female,Divorced,Technical Degree,3,77800,4,2,Customer Service,External,Passed,872.78,5,5,5
EMP0102,24-Jul-23,16-Nov-63,63,2,15-Aug-24,08-Apr-26,Research & Development,Research Scientist,No,Rarely,No,Male,Single,Other,1,72128,1,7,Communication Skills,Internal,Failed,241.15,1,5,4
EMP0103,01-Jul-25,01-Sep-86,40,0,17-Apr-26,05-Dec-24,Sales,Sales Manager,No,Rarely,No,Male,Divorced,Life Sciences,3,51777,7,10,Leadership Development,Internal,Failed,878.09,3,4,4
EMP0104,21-Aug-20,05-Jul-98,28,5,24-Sep-22,22-Aug-24,Research & Development,Laboratory Technician,No,Travel,No,Male,Married,Technical Degree,4,60988,3,2,Project Management,Internal,Failed,380.2,4,4,4
EMP0105,05-Apr-15,12-Dec-88,38,11,09-May-21,31-Jul-25,Human Resources,Recruiter,No,Rarely,No,Female,Single,Other,4,63441,1,13,Customer Service,External,Failed,394.1,5,5,4
EMP0106,27-Jul-17,02-Jun-79,47,8,20-Jun-21,16-Jan-25,Sales,Sales Representative,Yes,Rarely,Yes,Female,Single,Marketing,2,75991,5,29,Leadership Development,Internal,Passed,166.55,3,4,4
EMP0107,25-Dec-20,19-Jan-79,47,5,18-Oct-22,12-Dec-24,Research & Development,Laboratory Technician,No,Rarely,Yes,Male,Single,Life Sciences,2,95178,2,3,Leadership Development,External,Passed,897.31,1,4,2
EMP0108,18-Aug-22,12-Apr-69,57,3,03-Apr-25,08-Mar-25,Research & Development,Manufacturing Director,Yes,Rarely,No,Female,Married,Technical Degree,5,87366,5,13,Customer Service,External,Incomplete,257.06,4,3,5
EMP0109,02-Jul-17,03-May-69,57,8,02-Aug-20,26-May-26,Sales,Sales Representative,No,Rarely,No,Male,Single,Medical,4,36612,4,10,Project Management,External,Failed,667.04,3,1,5
EMP0110,01-Aug-21,15-Sep-80,46,4,30-Mar-26,05-May-26,Sales,Sales Executive,Yes,Frequently,Yes,Male,Single,Life Sciences,4,69479,5,12,Leadership Development,Internal,Passed,679.57,3,3,3
EMP0111,01-Oct-24,27-May-69,57,1,06-Jun-26,29-Jun-25,Sales,Sales Representative,Yes,Frequently,Yes,Female,Divorced,Human Resources,4,79735,3,26,Technical Skills,External,Passed,353.04,5,4,5
EMP0112,19-Jul-18,20-Nov-65,61,7,06-Oct-24,15-Apr-26,Sales,Sales Manager,No,Rarely,Yes,Male,Single,Technical Degree,4,77377,7,3,Customer Service,Internal,Failed,987.09,4,4,4
EMP0113,05-Mar-25,04-Mar-97,29,1,26-May-25,01-Jul-25,Human Resources,Recruiter,No,Rarely,No,Male,Single,Other,4,52415,3,28,Customer Service,Internal,Failed,157.75,5,1,4
EMP0114,27-Jan-15,26-Jun-79,47,11,13-Aug-16,29-Apr-26,Research & Development,Manufacturing Director,No,Rarely,No,Female,Married,Human Resources,3,123282,4,29,Communication Skills,External,Failed,647.08,2,5,3
EMP0115,27-Nov-20,12-Sep-83,43,5,19-Nov-23,22-Apr-25,Research & Development,Laboratory Technician,No,Rarely,No,Male,Married,Technical Degree,3,39458,4,20,Project Management,External,Passed,531.59,4,4,5
EMP0116,24-Mar-26,20-Apr-95,31,0,12-Apr-26,10-Feb-26,Research & Development,Research Scientist,Yes,Rarely,No,Female,Married,Life Sciences,4,43336,2,6,Technical Skills,Internal,Passed,320.94,5,4,4
EMP0117,03-Jan-19,17-Jul-72,54,7,17-Jan-24,07-Nov-25,Research & Development,Research Scientist,Yes,Rarely,Yes,Female,Married,Marketing,4,69671,1,3,Technical Skills,External,Passed,247.2,4,5,3
EMP0118,21-May-26,02-Jan-02,24,0,30-May-26,11-Aug-24,Sales,Sales Executive,No,Rarely,No,Female,Married,Life Sciences,5,107336,2,29,Communication Skills,Internal,Completed,763.38,2,3,4
EMP0119,21-May-17,11-Dec-96,30,9,03-May-20,28-Jul-24,Research & Development,Manufacturing Director,No,Rarely,No,Male,Married,Other,3,48276,5,25,Leadership Development,Internal,Passed,924.68,5,4,4
EMP0120,10-Sep-21,15-Sep-74,52,4,23-Sep-24,23-Dec-24,Research & Development,Manufacturing Director,No,Rarely,Yes,Male,Single,Life Sciences,5,59683,1,2,Leadership Development,External,Passed,196.79,4,4,4
EMP0121,21-May-26,17-Oct-95,31,0,01-Jun-26,27-Feb-25,Research & Development,Manufacturing Director,No,Rarely,No,Male,Single,Medical,5,86545,4,23,Technical Skills,Internal,Completed,274.58,5,4,4
EMP0122,18-Jun-19,20-Jun-96,30,6,20-Jul-24,17-Jul-24,Research & Development,Research Scientist,No,Rarely,No,Female,Married,Technical Degree,3,64642,3,22,Project Management,External,Completed,987.64,2,3,4
EMP0123,06-Jun-18,13-Mar-84,42,8,08-Jun-18,09-Dec-24,Sales,Sales Executive,No,Rarely,No,Male,Married,Medical,4,58307,5,14,Leadership Development,External,Passed,113.52,4,3,4
EMP0124,22-May-23,27-Dec-65,61,3,23-Mar-26,10-Jan-26,Sales,Sales Manager,No,Frequently,No,Female,Married,Medical,4,76312,2,15,Customer Service,External,Completed,557.43,5,4,5
EMP0125,16-Aug-18,11-Oct-85,41,7,15-Nov-22,26-Oct-24,Sales,Sales Representative,No,Rarely,No,Male,Married,Technical Degree,5,70450,7,18,Communication Skills,Internal,Incomplete,564.5,4,3,5
EMP0126,05-Jan-15,18-Sep-72,54,11,04-Mar-19,16-Oct-25,Research & Development,Manufacturing Director,No,Rarely,No,Male,Married,Life Sciences,4,85608,6,27,Project Management,Internal,Incomplete,336.85,3,3,4
EMP0127,09-Apr-22,19-Dec-73,53,4,17-May-22,30-Mar-26,Research & Development,Laboratory Technician,No,Rarely,No,Female,Single,Life Sciences,4,90829,6,19,Leadership Development,Internal,Completed,696.73,2,5,5
EMP0128,16-Dec-25,27-Aug-85,41,0,23-May-26,05-May-26,Research & Development,Manufacturing Director,No,Frequently,No,Female,Single,Marketing,4,71140,4,22,Technical Skills,External,Completed,950.45,3,4,5
EMP0129,09-Jun-15,11-Jun-03,23,11,16-Jan-25,18-Jan-26,Sales,Sales Manager,No,Rarely,No,Male,Married,Human Resources,3,70834,7,10,Communication Skills,Internal,Passed,505.19,3,5,3
EMP0130,05-Jul-17,14-Feb-61,65,8,04-Aug-21,27-Jan-25,Research & Development,Manufacturing Director,No,Rarely,Yes,Female,Married,Technical Degree,3,69282,1,20,Leadership Development,Internal,Failed,774.48,4,4,5
EMP0131,21-Feb-23,26-May-67,59,3,24-Jun-24,11-Aug-24,Research & Development,Manufacturing Director,No,Rarely,Yes,Male,Married,Marketing,4,74782,6,17,Technical Skills,External,Failed,681.46,2,4,2
EMP0132,24-Nov-21,20-Jan-64,62,4,11-Sep-23,23-May-26,Sales,Sales Manager,No,Frequently,No,Female,Single,Technical Degree,4,66103,1,17,Leadership Development,External,Failed,525.65,2,5,3
EMP0133,15-May-20,21-May-74,52,6,29-Jan-21,14-Feb-25,Sales,Sales Executive,No,Travel,No,Female,Married,Marketing,4,64987,3,19,Communication Skills,External,Failed,144.83,3,5,4
EMP0134,19-Apr-16,08-Oct-67,59,10,06-Sep-23,16-Sep-24,Sales,Sales Representative,No,Rarely,Yes,Male,Divorced,Other,4,88932,4,24,Customer Service,External,Completed,767.57,3,3,4
EMP0135,27-May-20,16-Oct-01,25,6,30-Sep-24,26-Apr-26,Human Resources,Recruiter,No,Frequently,No,Male,Single,Life Sciences,3,95322,4,27,Customer Service,Internal,Incomplete,426.93,4,5,4
EMP0136,07-Oct-16,21-Sep-94,32,9,23-Nov-18,06-Oct-25,Sales,Sales Manager,No,Travel,No,Male,Married,Technical Degree,4,34848,5,4,Technical Skills,Internal,Passed,302.05,4,3,4
EMP0137,02-Dec-16,05-Jul-65,61,9,18-Oct-22,23-Jun-24,Research & Development,Manufacturing Director,No,Travel,No,Female,Widowed,Other,1,65200,5,11,Customer Service,Internal,Passed,953.44,5,1,3
EMP0138,25-Nov-25,02-Apr-61,65,0,18-May-26,16-Aug-24,Research & Development,Laboratory Technician,No,Rarely,No,Female,Single,Human Resources,5,51226,7,17,Communication Skills,Internal,Failed,796.15,3,4,5
EMP0139,20-Jul-16,04-Dec-68,58,9,16-Feb-22,29-Jan-26,Research & Development,Research Scientist,No,Rarely,No,Female,Married,Life Sciences,5,58780,1,24,Technical Skills,External,Passed,966.04,4,5,4
EMP0140,27-Oct-17,15-Jan-92,34,8,29-May-26,28-May-26,Human Resources,HR Generalist,No,Rarely,No,Male,Single,Medical,4,73050,6,10,Leadership Development,Internal,Failed,330.6,3,5,5
EMP0141,17-Nov-17,05-Jul-84,42,8,23-Jan-24,17-Dec-25,Human Resources,Recruiter,No,Frequently,Yes,Male,Married,Human Resources,1,78388,6,22,Project Management,External,Passed,852.21,1,2,3
EMP0142,29-Aug-25,07-Dec-78,48,0,15-Nov-25,02-Sep-24,Sales,Sales Representative,Yes,Rarely,Yes,Male,Single,Life Sciences,3,62757,2,17,Leadership Development,Internal,Failed,646.95,4,4,4
EMP0143,14-Sep-18,25-Sep-78,48,7,30-Jul-25,21-Apr-26,Research & Development,Research Director,No,Rarely,No,Male,Widowed,Human Resources,4,30000,1,12,Communication Skills,Internal,Failed,983.35,5,5,4
EMP0144,11-Dec-20,28-Aug-65,61,5,13-Jul-22,01-Aug-25,Sales,Sales Representative,Yes,Rarely,Yes,Female,Married,Human Resources,4,45699,6,10,Technical Skills,External,Passed,951.69,1,3,4
EMP0145,28-Jun-24,05-Dec-01,25,1,24-May-25,04-Mar-26,Sales,Sales Manager,No,Frequently,No,Male,Married,Human Resources,4,82929,5,10,Leadership Development,Internal,Passed,975.67,1,4,3
EMP0146,02-Oct-19,18-Apr-71,55,6,06-May-24,01-Mar-25,Sales,Area Sales Manager,No,Frequently,No,Male,Married,Life Sciences,3,30000,5,6,Technical Skills,External,Passed,956.59,4,4,4
EMP0147,06-Jul-19,16-Nov-84,42,6,14-Feb-23,24-Sep-24,Research & Development,Laboratory Technician,No,Rarely,Yes,Male,Married,Human Resources,4,88748,5,17,Customer Service,External,Passed,106.89,4,3,2
EMP0148,28-Dec-21,11-Jul-71,55,4,11-Aug-22,19-Dec-25,Research & Development,Research Scientist,Yes,Frequently,Yes,Female,Married,Technical Degree,4,75424,1,26,Project Management,External,Completed,766.98,3,4,4
EMP0149,13-Dec-23,18-Aug-93,33,2,20-Mar-24,14-Oct-24,Sales,Sales Manager,No,Rarely,No,Female,Divorced,Human Resources,3,91323,4,26,Communication Skills,Internal,Failed,344.74,4,3,5
EMP0150,18-May-23,12-Sep-83,43,3,23-Apr-26,07-Apr-26,Sales,Sales Representative,No,Frequently,No,Male,Widowed,Life Sciences,4,61028,7,19,Leadership Development,External,Passed,734.52,5,3,1
EMP0151,28-Oct-24,22-Dec-61,65,1,04-Jan-25,23-Feb-26,Human Resources,HR Manager,No,Rarely,Yes,Female,Married,Life Sciences,2,30000,2,2,Project Management,Internal,Failed,982.55,2,2,4
EMP0152,15-Feb-25,09-Dec-63,63,1,09-Mar-25,15-Feb-26,Sales,Sales Executive,Yes,Rarely,No,Female,Widowed,Marketing,4,73607,2,4,Communication Skills,External,Passed,135.42,2,4,4
EMP0153,18-Sep-17,07-Aug-65,61,8,03-Mar-19,18-Jan-25,Sales,Area Sales Manager,No,Travel,No,Female,Married,Life Sciences,5,90493,5,18,Communication Skills,Internal,Completed,610.29,2,4,3
EMP0154,23-Jul-20,18-May-89,37,5,24-Jul-22,10-Oct-24,Research & Development,Research Scientist,No,Rarely,Yes,Male,Married,Technical Degree,4,83494,3,27,Customer Service,Internal,Passed,761.46,4,3,3
EMP0155,15-Jan-20,10-Apr-85,41,6,22-May-20,19-Sep-24,Human Resources,HR Generalist,No,Frequently,No,Female,Married,Other,5,51746,1,29,Technical Skills,External,Completed,328.02,3,4,3
EMP0156,08-Jun-16,07-Dec-86,40,10,13-Sep-18,29-Oct-25,Sales,Sales Manager,No,Rarely,No,Female,Single,Marketing,4,66735,6,21,Technical Skills,Internal,Failed,302.61,5,2,3
EMP0157,01-Aug-22,16-Jun-73,53,3,08-Mar-23,08-Apr-26,Research & Development,Manufacturing Director,No,Rarely,No,Female,Single,Human Resources,3,54343,6,4,Project Management,External,Failed,154.31,4,5,2
EMP0158,22-Jun-15,26-Sep-82,44,10,30-Nov-20,16-Nov-25,Research & Development,Research Director,No,Rarely,No,Male,Single,Life Sciences,4,48614,7,6,Customer Service,Internal,Completed,184.53,3,4,3
EMP0159,29-Feb-20,04-May-87,39,6,23-Apr-22,01-Apr-25,Sales,Area Sales Manager,No,Rarely,No,Male,Married,Life Sciences,4,84107,4,14,Communication Skills,External,Incomplete,691.07,2,3,3
EMP0160,10-Dec-19,18-Nov-68,58,6,17-Jan-21,01-Jul-25,Research & Development,Research Director,No,Rarely,No,Male,Married,Life Sciences,3,41049,5,7,Customer Service,External,Incomplete,554.69,4,2,5
EMP0161,28-Feb-15,27-Jul-80,46,11,15-Nov-15,17-Jul-24,Research & Development,Laboratory Technician,No,Rarely,No,Male,Married,Medical,2,47123,3,12,Customer Service,Internal,Failed,127.07,3,2,5
EMP0162,04-Aug-16,10-Mar-82,44,9,29-Dec-22,26-Apr-25,Research & Development,Research Scientist,No,Rarely,No,Male,Widowed,Other,4,42919,5,2,Project Management,External,Passed,972.7,5,5,4
EMP0163,27-Apr-16,23-May-02,24,10,08-Jul-23,14-Jul-25,Research & Development,Laboratory Technician,No,Rarely,No,Female,Married,Life Sciences,2,35195,3,18,Technical Skills,External,Incomplete,690.44,3,4,4
EMP0164,19-Feb-20,15-Jun-99,27,6,28-Jun-24,08-Feb-26,Research & Development,Research Scientist,Yes,Travel,Yes,Female,Married,Technical Degree,2,67928,2,24,Customer Service,External,Passed,563.92,3,4,3
EMP0165,06-Jul-16,24-May-63,63,9,21-Nov-23,11-Jul-24,Sales,Sales Representative,No,Travel,Yes,Female,Single,Marketing,4,88230,3,13,Customer Service,Internal,Completed,345.45,4,2,4
EMP0166,15-Sep-15,07-Apr-74,52,10,13-Mar-21,30-Oct-24,Research & Development,Research Scientist,No,Rarely,No,Female,Single,Other,3,61302,2,13,Customer Service,External,Completed,692.29,2,4,3
EMP0167,30-May-22,18-May-70,56,4,10-May-25,30-Nov-24,Sales,Sales Executive,No,Frequently,No,Female,Married,Life Sciences,5,34885,2,25,Leadership Development,Internal,Incomplete,427.75,4,5,4
EMP0168,03-Aug-16,04-Mar-87,39,9,02-Aug-23,22-Jan-26,Sales,Sales Representative,Yes,Rarely,Yes,Male,Married,Medical,3,81798,1,5,Customer Service,Internal,Incomplete,732.24,1,3,5
EMP0169,03-May-20,19-Dec-65,61,6,17-Mar-23,17-Jul-25,Sales,Sales Executive,Yes,Rarely,Yes,Male,Married,Life Sciences,4,98714,7,7,Customer Service,Internal,Passed,714.31,4,4,3
EMP0170,31-Mar-21,02-Apr-89,37,5,09-Jul-21,05-Nov-25,Research & Development,Manufacturing Director,No,Frequently,No,Male,Single,Marketing,4,52075,3,29,Communication Skills,External,Failed,183.47,4,5,4
EMP0171,20-Nov-25,08-Sep-62,64,0,21-Feb-26,26-Apr-26,Research & Development,Research Director,No,Travel,Yes,Male,Married,Medical,4,55428,4,12,Leadership Development,External,Passed,918.33,4,4,4
EMP0172,22-Oct-19,02-Apr-64,62,6,13-Apr-22,12-Oct-24,Sales,Sales Manager,Yes,Rarely,Yes,Female,Single,Other,3,75313,4,25,Customer Service,Internal,Passed,538.28,4,1,5
EMP0173,19-Dec-17,11-Jul-98,28,8,04-Oct-24,16-Dec-25,Research & Development,Research Scientist,No,Frequently,No,Female,Single,Technical Degree,5,97437,3,14,Customer Service,External,Failed,453.65,1,3,3
EMP0174,08-Aug-25,22-Feb-74,52,0,13-Sep-25,03-Jul-25,Sales,Sales Executive,No,Rarely,No,Male,Single,Technical Degree,4,54603,7,1,Project Management,External,Passed,959.92,3,2,3
EMP0175,13-Jun-20,18-Jan-96,30,5,05-Aug-20,08-Apr-26,Research & Development,Research Director,No,Travel,No,Male,Single,Technical Degree,5,38351,1,24,Project Management,Internal,Completed,494.39,3,5,5
EMP0176,10-Aug-25,21-Jul-94,32,0,24-Nov-25,08-Feb-26,Sales,Sales Executive,No,Rarely,No,Female,Single,Life Sciences,3,77628,4,10,Leadership Development,External,Incomplete,749.1,3,4,2
EMP0177,17-Feb-24,21-Aug-74,52,2,19-Dec-25,04-Sep-25,Research & Development,Laboratory Technician,Yes,Rarely,No,Male,Single,Marketing,2,80981,5,26,Communication Skills,Internal,Failed,689.62,5,5,4
EMP0178,09-Apr-19,11-May-92,34,7,11-Oct-24,18-Jan-26,Research & Development,Research Scientist,No,Rarely,Yes,Male,Widowed,Other,4,65122,4,25,Leadership Development,Internal,Passed,248.63,2,1,5
EMP0179,11-Feb-17,02-Nov-86,40,9,04-Jan-18,12-Apr-25,Human Resources,HR Generalist,No,Rarely,No,Male,Single,Human Resources,1,53837,1,9,Leadership Development,Internal,Completed,992.03,4,3,5
EMP0180,05-Mar-17,19-Nov-99,27,9,04-Jun-22,21-Dec-25,Sales,Sales Representative,No,Rarely,No,Male,Single,Other,4,84887,2,10,Project Management,External,Incomplete,517.24,3,2,1
EMP0181,01-Sep-24,24-Sep-90,36,1,02-Nov-24,28-Jun-24,Sales,Sales Representative,No,Travel,No,Female,Single,Human Resources,3,75560,2,7,Project Management,External,Completed,455.3,4,3,3
EMP0182,12-Dec-22,14-Mar-02,24,3,20-Dec-24,29-May-25,Sales,Sales Manager,No,Rarely,Yes,Female,Married,Life Sciences,4,49631,2,16,Communication Skills,Internal,Failed,927.65,4,2,3
EMP0183,01-Jul-24,27-Jan-93,33,1,23-Jan-26,22-Nov-24,Human Resources,HR Generalist,No,Rarely,No,Male,Single,Medical,5,65981,1,28,Customer Service,Internal,Incomplete,576.31,2,3,4
EMP0184,21-Mar-24,06-Aug-79,47,2,21-Apr-26,25-Dec-25,Research & Development,Manufacturing Director,No,Rarely,Yes,Female,Divorced,Life Sciences,4,37965,2,28,Communication Skills,External,Passed,734.57,4,5,4
EMP0185,22-Jun-25,01-Jan-86,40,0,20-Jan-26,19-Mar-25,Sales,Area Sales Manager,No,Rarely,No,Male,Widowed,Medical,5,78717,7,12,Customer Service,External,Incomplete,861.62,1,2,5
EMP0186,19-Mar-16,20-Oct-85,41,10,07-Jun-25,05-Oct-25,Research & Development,Laboratory Technician,No,Rarely,No,Male,Single,Life Sciences,4,59755,2,12,Technical Skills,External,Incomplete,311.94,3,4,4
EMP0187,17-Mar-17,10-Jun-98,28,9,06-May-21,24-Oct-24,Research & Development,Research Director,No,Rarely,Yes,Female,Married,Marketing,4,56285,1,26,Project Management,External,Incomplete,252.52,4,5,4
EMP0188,11-May-16,18-Nov-75,51,10,07-Apr-25,01-May-26,Research & Development,Manufacturing Director,No,Rarely,No,Male,Single,Technical Degree,5,64342,5,19,Technical Skills,External,Passed,161.66,2,5,4
EMP0189,12-Jan-24,05-Aug-71,55,2,06-Jan-26,26-Jan-26,Research & Development,Laboratory Technician,No,Rarely,Yes,Male,Married,Other,5,65806,4,29,Technical Skills,External,Incomplete,907.42,4,3,2
EMP0190,11-Aug-22,09-Aug-72,54,3,08-Dec-22,01-Mar-26,Sales,Sales Executive,Yes,Rarely,No,Female,Married,Human Resources,4,82898,1,13,Project Management,External,Failed,280.33,2,5,3
EMP0191,14-Jun-17,11-Feb-92,34,8,14-May-24,02-Sep-24,Sales,Sales Executive,No,Frequently,No,Male,Single,Other,3,76821,1,21,Technical Skills,Internal,Failed,376.98,4,3,3
EMP0192,29-Jul-20,15-Dec-94,32,5,22-Jul-23,22-Sep-24,Research & Development,Manufacturing Director,No,Travel,Yes,Male,Single,Life Sciences,4,61871,3,29,Leadership Development,External,Completed,357.23,3,3,5
EMP0193,19-Apr-19,23-May-63,63,7,24-Mar-25,22-May-25,Human Resources,HR Generalist,No,Rarely,Yes,Male,Married,Life Sciences,3,80273,2,18,Customer Service,Internal,Passed,374.13,4,5,4
EMP0194,08-Apr-19,24-Jan-93,33,7,21-Sep-19,01-Jan-26,Research & Development,Research Scientist,No,Rarely,No,Female,Married,Technical Degree,4,73014,6,27,Communication Skills,Internal,Passed,701.26,5,4,3
EMP0195,23-Jan-25,19-May-83,43,1,02-Feb-26,26-May-26,Sales,Sales Executive,No,Rarely,Yes,Male,Single,Medical,4,56468,5,26,Project Management,Internal,Completed,958.7,3,5,4
EMP0196,22-Feb-18,06-Apr-61,65,8,07-Dec-18,29-Jan-25,Sales,Area Sales Manager,No,Rarely,Yes,Male,Married,Medical,5,62505,6,3,Leadership Development,External,Completed,396.51,2,5,3
EMP0197,18-Jun-24,13-Nov-65,61,1,25-Apr-25,21-Mar-26,Research & Development,Manufacturing Director,No,Rarely,No,Female,Married,Medical,5,62035,3,26,Communication Skills,External,Completed,466.88,5,3,3
EMP0198,12-Feb-19,11-Sep-77,49,7,28-Dec-19,05-Jun-26,Research & Development,Research Scientist,No,Rarely,No,Female,Divorced,Medical,4,75105,5,7,Communication Skills,External,Passed,794.03,2,4,5
EMP0199,31-Mar-21,22-Jul-99,27,5,16-Jun-22,04-Jun-26,Research & Development,Research Scientist,Yes,Rarely,Yes,Male,Single,Technical Degree,1,57659,2,1,Communication Skills,Internal,Completed,489.1,4,3,5
EMP0200,17-May-25,05-Mar-98,28,1,06-Feb-26,10-Dec-25,Research & Development,Manufacturing Director,No,Rarely,Yes,Female,Married,Marketing,5,57191,6,3,Technical Skills,External,Passed,933.44,5,4,2
EMP0201,08-Aug-20,08-Jun-74,52,5,09-Sep-21,12-Mar-26,Research & Development,Research Director,No,Rarely,No,Male,Married,Technical Degree,3,104375,2,21,Technical Skills,Internal,Completed,552.9,4,2,4
EMP0202,09-Sep-16,13-May-04,22,9,28-Oct-17,18-Jun-24,Sales,Sales Representative,No,Frequently,Yes,Male,Single,Technical Degree,4,83794,2,27,Technical Skills,External,Passed,412.96,2,3,4
EMP0203,09-Dec-24,25-Aug-89,37,1,02-Aug-25,13-Aug-24,Sales,Area Sales Manager,No,Travel,Yes,Male,Married,Marketing,1,49787,4,14,Technical Skills,Internal,Completed,974.42,2,5,3
EMP0204,13-Mar-17,10-Jun-87,39,9,27-Feb-23,12-Oct-24,Research & Development,Research Scientist,No,Rarely,No,Female,Married,Medical,3,76418,5,4,Leadership Development,External,Failed,483.2,3,5,4
EMP0205,19-Feb-16,19-Dec-67,59,10,15-Jun-20,25-Aug-25,Research & Development,Research Director,No,Rarely,No,Male,Widowed,Life Sciences,5,67367,5,19,Technical Skills,External,Incomplete,308.06,3,4,3
EMP0206,01-May-15,21-May-04,22,11,15-Jun-17,11-Apr-25,Sales,Sales Executive,Yes,Frequently,Yes,Female,Single,Medical,2,72831,3,22,Project Management,External,Failed,259.93,2,4,1
EMP0207,03-Feb-17,08-Dec-81,45,9,05-Apr-19,01-Jul-24,Sales,Sales Representative,No,Travel,No,Male,Married,Human Resources,4,67746,1,28,Communication Skills,External,Failed,995.66,4,4,3
EMP0208,20-Apr-20,04-Nov-01,25,6,15-Mar-26,09-Feb-25,Research & Development,Research Director,No,Rarely,No,Male,Married,Human Resources,3,88792,2,6,Leadership Development,External,Passed,777.69,3,4,3
EMP0209,24-Sep-18,06-May-75,51,7,04-Feb-26,03-Jul-24,Sales,Area Sales Manager,No,Rarely,No,Male,Widowed,Technical Degree,5,71912,2,20,Technical Skills,Internal,Completed,467.79,5,5,1
EMP0210,12-Feb-24,17-Nov-79,47,2,23-Oct-24,02-Feb-26,Sales,Sales Representative,No,Rarely,No,Male,Single,Medical,5,63758,6,9,Communication Skills,External,Failed,843.73,5,2,3
EMP0211,22-Nov-25,04-Dec-85,41,0,16-Apr-26,12-Nov-25,Research & Development,Research Scientist,No,Rarely,No,Male,Widowed,Technical Degree,3,85843,3,11,Leadership Development,External,Passed,592.13,5,3,4
EMP0212,18-Oct-25,12-May-64,62,0,27-Mar-26,16-Jan-26,Research & Development,Manufacturing Director,No,Rarely,Yes,Female,Divorced,Technical Degree,2,69665,5,22,Communication Skills,External,Failed,385.65,3,5,4
EMP0213,18-Oct-19,08-Apr-65,61,6,19-Oct-21,25-Aug-24,Research & Development,Laboratory Technician,No,Rarely,Yes,Male,Single,Marketing,4,67429,4,15,Leadership Development,Internal,Completed,769.05,4,5,3
EMP0214,30-Dec-23,05-Aug-96,30,2,23-Jul-25,07-Sep-25,Sales,Area Sales Manager,No,Rarely,No,Male,Divorced,Technical Degree,3,71280,5,9,Customer Service,External,Passed,771.31,3,4,3
EMP0215,25-Apr-16,20-Dec-75,51,10,18-Sep-24,23-Dec-24,Research & Development,Research Scientist,No,Rarely,No,Female,Widowed,Marketing,4,63127,4,29,Leadership Development,Internal,Passed,550.15,3,2,3
EMP0216,10-Sep-18,23-Jul-81,45,7,13-Dec-24,07-Mar-25,Sales,Area Sales Manager,Yes,Frequently,Yes,Female,Single,Technical Degree,1,65184,4,11,Technical Skills,Internal,Failed,140.64,4,5,5
EMP0217,02-Jul-23,25-Aug-69,57,2,29-Oct-25,16-Apr-25,Sales,Sales Manager,No,Rarely,No,Male,Married,Human Resources,2,53266,5,26,Communication Skills,External,Completed,169.32,5,4,3
EMP0218,18-Jan-15,27-Nov-70,56,11,31-May-17,10-Oct-25,Research & Development,Manufacturing Director,Yes,Rarely,No,Female,Married,Life Sciences,4,49976,6,10,Communication Skills,External,Passed,809.87,1,4,5
EMP0219,04-Oct-23,22-Apr-91,35,2,26-Nov-25,15-Dec-25,Research & Development,Research Scientist,No,Rarely,No,Male,Single,Human Resources,3,45028,2,2,Communication Skills,Internal,Incomplete,841.13,3,4,4
EMP0220,12-Dec-20,17-Feb-66,60,5,11-Jul-24,24-Sep-24,Research & Development,Manufacturing Director,No,Rarely,No,Male,Single,Life Sciences,5,37160,4,22,Project Management,External,Incomplete,710.46,2,3,5
EMP0221,16-Mar-25,23-Sep-76,50,1,05-Jan-26,03-Jul-24,Research & Development,Laboratory Technician,No,Travel,No,Female,Single,Life Sciences,2,47405,6,14,Project Management,Internal,Passed,855.16,4,1,4
EMP0222,25-May-21,19-Feb-81,45,5,28-May-23,04-May-26,Research & Development,Manufacturing Director,No,Rarely,No,Male,Single,Other,3,61514,3,4,Technical Skills,External,Passed,747.54,5,4,3
EMP0223,27-Jun-24,27-Jan-97,29,1,18-May-26,09-Oct-24,Sales,Sales Executive,No,Rarely,Yes,Female,Married,Other,5,67062,3,2,Customer Service,External,Completed,907.24,1,2,4
EMP0224,30-Nov-25,07-Sep-69,57,0,27-Mar-26,09-Dec-25,Research & Development,Research Director,No,Rarely,No,Male,Single,Life Sciences,4,59574,4,5,Project Management,External,Incomplete,235.36,3,2,4
EMP0225,22-Jun-18,05-Sep-68,58,7,08-May-26,16-Jan-25,Sales,Sales Executive,No,Rarely,Yes,Male,Divorced,Marketing,4,30000,2,14,Leadership Development,External,Completed,448.97,5,3,4
EMP0226,05-Apr-19,28-Jun-94,32,7,18-Jan-24,23-Sep-24,Sales,Area Sales Manager,No,Travel,No,Male,Married,Life Sciences,3,96491,4,15,Technical Skills,Internal,Failed,517.7,3,3,4
EMP0227,27-Aug-21,04-Aug-71,55,4,28-Mar-22,13-Mar-26,Human Resources,HR Manager,Yes,Rarely,Yes,Male,Single,Marketing,4,86729,3,19,Customer Service,Internal,Passed,367.9,4,3,1
EMP0228,19-Nov-19,23-Apr-61,65,6,02-Oct-21,07-Sep-24,Research & Development,Laboratory Technician,No,Rarely,No,Male,Married,Human Resources,4,73915,7,6,Leadership Development,External,Failed,752.83,2,2,4
EMP0229,24-Apr-16,03-Aug-67,59,10,13-Mar-25,07-Aug-25,Research & Development,Research Director,Yes,Rarely,No,Male,Married,Other,3,103149,3,27,Communication Skills,Internal,Failed,921.19,3,5,5
EMP0230,14-May-16,26-Aug-72,54,10,22-May-18,20-Jun-25,Research & Development,Laboratory Technician,No,Rarely,No,Female,Widowed,Technical Degree,5,45452,5,15,Project Management,External,Passed,471.23,4,2,5
EMP0231,13-Jan-22,05-Aug-01,25,4,12-Feb-25,09-Apr-25,Research & Development,Laboratory Technician,No,Frequently,No,Female,Single,Marketing,4,102752,7,14,Leadership Development,External,Failed,947.39,4,3,4
EMP0232,13-Apr-16,15-Jul-72,54,10,13-Oct-20,07-Jun-26,Research & Development,Laboratory Technician,No,Frequently,No,Male,Single,Technical Degree,3,45695,2,8,Customer Service,Internal,Passed,565.09,3,3,1
EMP0233,15-Feb-16,18-Jan-68,58,10,13-Oct-21,17-Nov-24,Research & Development,Research Director,No,Rarely,No,Male,Widowed,Medical,4,69774,5,20,Technical Skills,External,Failed,570.26,3,5,2
EMP0234,10-Sep-25,26-Nov-75,51,0,01-Mar-26,13-Oct-25,Research & Development,Manufacturing Director,No,Rarely,No,Male,Widowed,Other,4,39523,7,12,Leadership Development,Internal,Passed,640.2,3,3,5
EMP0235,12-Apr-26,01-Dec-85,41,0,24-May-26,27-Nov-25,Sales,Sales Executive,No,Frequently,No,Male,Married,Other,3,65293,6,4,Technical Skills,Internal,Passed,341.5,4,2,5
EMP0236,13-Jul-18,27-May-79,47,7,20-Apr-20,11-Feb-26,Research & Development,Laboratory Technician,No,Travel,No,Female,Married,Technical Degree,4,72723,7,21,Communication Skills,Internal,Incomplete,445.02,5,1,5
EMP0237,10-Apr-16,07-Dec-04,22,10,05-Apr-22,16-Dec-24,Sales,Sales Representative,No,Rarely,Yes,Male,Single,Medical,3,61906,6,6,Customer Service,External,Passed,597.91,5,4,4
EMP0238,23-May-26,02-Feb-67,59,0,11-Jun-26,06-Mar-26,Sales,Sales Manager,No,Rarely,No,Male,Married,Medical,4,79277,6,11,Customer Service,Internal,Failed,947.78,1,4,5
EMP0239,18-Oct-16,23-Jun-77,49,9,06-Oct-21,16-Sep-24,Research & Development,Laboratory Technician,No,Rarely,No,Female,Single,Life Sciences,4,66980,7,23,Project Management,Internal,Passed,678.42,5,3,5
EMP0240,03-Mar-19,02-Sep-00,26,7,13-Feb-23,06-Jun-25,Sales,Sales Manager,No,Frequently,No,Female,Single,Human Resources,4,54551,7,22,Customer Service,Internal,Passed,399.8,1,2,4
EMP0241,15-Jul-16,02-Aug-00,26,9,26-Jan-20,06-Dec-24,Human Resources,Recruiter,No,Rarely,Yes,Male,Divorced,Marketing,5,53663,1,7,Leadership Development,Internal,Passed,109.42,3,3,4
EMP0242,10-Jul-16,06-Jul-86,40,9,10-Sep-22,08-Jan-25,Human Resources,Healthcare Representative,No,Rarely,No,Female,Single,Medical,3,81218,7,25,Leadership Development,Internal,Passed,983.5,4,4,2
EMP0243,10-Apr-20,24-Nov-96,30,6,30-Nov-23,30-Oct-25,Human Resources,Healthcare Representative,No,Frequently,No,Female,Married,Marketing,4,51925,6,4,Leadership Development,External,Passed,543.69,1,4,4
EMP0244,21-Jan-24,12-Jul-63,63,2,04-Jun-26,21-Feb-25,Research & Development,Laboratory Technician,No,Rarely,No,Female,Widowed,Human Resources,4,83308,4,26,Communication Skills,External,Incomplete,944.65,1,1,5
EMP0245,09-Sep-17,28-Aug-80,46,8,09-Nov-21,08-Sep-24,Sales,Area Sales Manager,No,Rarely,No,Male,Single,Life Sciences,4,89454,5,15,Customer Service,Internal,Passed,594.41,3,4,3
EMP0246,09-Jul-20,03-Jul-80,46,5,21-Feb-25,05-Aug-24,Human Resources,Recruiter,No,Rarely,No,Male,Widowed,Other,4,31625,6,1,Customer Service,External,Passed,644.92,4,3,4
EMP0247,22-Nov-15,28-Nov-61,65,10,17-Jun-24,10-Nov-25,Research & Development,Manufacturing Director,No,Rarely,No,Male,Widowed,Other,2,87658,2,9,Leadership Development,External,Completed,740.72,4,4,3
EMP0248,02-Nov-16,21-Mar-70,56,9,09-Dec-23,01-Sep-25,Human Resources,HR Manager,No,Rarely,No,Male,Married,Other,3,106208,7,23,Project Management,Internal,Passed,388.88,3,4,5
EMP0249,27-May-24,06-Feb-82,44,2,10-Aug-25,18-Apr-26,Human Resources,HR Manager,No,Rarely,No,Female,Single,Marketing,3,70040,6,20,Project Management,Internal,Completed,729.09,5,5,4
EMP0250,04-Feb-22,17-Jul-70,56,4,01-Mar-26,25-Nov-25,Research & Development,Research Scientist,No,Rarely,No,Male,Single,Medical,5,76981,4,26,Customer Service,External,Passed,574.11,4,3,5
EMP0251,06-Nov-20,08-Dec-96,30,5,30-Aug-22,16-Feb-26,Sales,Sales Manager,No,Rarely,No,Female,Married,Marketing,3,85740,7,8,Customer Service,External,Passed,705.23,4,4,4
EMP0252,01-Aug-19,10-Jan-04,22,6,28-May-26,10-Jan-26,Research & Development,Research Director,No,Frequently,Yes,Female,Single,Medical,5,59490,4,12,Technical Skills,Internal,Failed,852.25,3,3,4
EMP0253,17-Jan-22,24-Nov-75,51,4,24-May-23,10-Jul-24,Research & Development,Research Scientist,No,Frequently,Yes,Male,Single,Life Sciences,4,68645,4,7,Customer Service,Internal,Incomplete,265.81,1,3,1
EMP0254,09-May-20,18-Jul-70,56,6,02-Oct-22,11-Feb-25,Sales,Sales Manager,No,Rarely,No,Male,Widowed,Technical Degree,3,38716,4,28,Leadership Development,Internal,Passed,652.2,2,1,4
EMP0255,15-Dec-20,08-Apr-80,46,5,22-Jan-23,18-Jan-25,Sales,Area Sales Manager,Yes,Rarely,Yes,Female,Single,Marketing,4,67772,4,18,Communication Skills,Internal,Failed,146.9,4,3,4
EMP0256,17-Nov-23,05-Jun-75,51,2,09-Jan-26,13-Dec-25,Research & Development,Laboratory Technician,Yes,Rarely,Yes,Female,Married,Other,5,74962,2,1,Customer Service,External,Passed,191.9,4,1,4
EMP0257,08-Dec-17,24-Apr-87,39,8,08-Feb-24,30-Dec-25,Human Resources,Recruiter,No,Rarely,No,Male,Single,Life Sciences,5,75323,1,9,Customer Service,External,Passed,707.13,5,5,2
EMP0258,23-Sep-21,26-Jan-97,29,4,25-Nov-25,25-Jul-24,Research & Development,Laboratory Technician,No,Rarely,No,Female,Married,Technical Degree,3,86308,3,7,Leadership Development,External,Incomplete,163.84,2,4,5
EMP0259,03-Apr-25,20-Jul-62,64,1,11-Aug-25,28-Apr-26,Research & Development,Research Scientist,No,Rarely,No,Female,Divorced,Human Resources,3,49503,1,14,Technical Skills,Internal,Passed,635.82,2,2,4
EMP0260,03-Feb-22,07-Apr-03,23,4,10-Feb-24,17-Apr-26,Sales,Sales Manager,No,Rarely,No,Female,Single,Human Resources,3,54347,3,26,Customer Service,Internal,Incomplete,298.01,2,2,5
EMP0261,17-Aug-16,20-Feb-00,26,9,13-Sep-21,20-Aug-24,Research & Development,Manufacturing Director,Yes,Rarely,Yes,Female,Single,Other,1,102910,5,1,Project Management,Internal,Passed,373.68,2,3,4
EMP0262,18-Mar-15,20-Aug-02,24,11,30-Mar-25,04-Jun-25,Human Resources,Healthcare Representative,No,Rarely,No,Male,Married,Human Resources,4,61993,7,13,Project Management,External,Incomplete,216.67,4,3,2
EMP0263,12-Apr-25,28-Dec-61,65,1,01-Nov-25,24-Aug-25,Sales,Sales Representative,No,Rarely,No,Female,Married,Other,5,69000,4,20,Project Management,External,Failed,323.8,5,3,4
EMP0264,30-Mar-17,24-Apr-01,25,9,30-Mar-17,09-Nov-25,Research & Development,Manufacturing Director,No,Rarely,No,Female,Married,Medical,3,63659,5,15,Communication Skills,Internal,Incomplete,839.16,4,4,5
EMP0265,23-Aug-16,15-Jul-02,24,9,14-Oct-24,23-Mar-25,Research & Development,Manufacturing Director,No,Rarely,Yes,Male,Single,Technical Degree,4,48566,5,5,Communication Skills,Internal,Passed,674.99,4,5,4
EMP0266,13-Oct-19,07-Sep-90,36,6,02-Mar-20,27-Sep-25,Research & Development,Manufacturing Director,No,Rarely,No,Male,Single,Life Sciences,4,97470,7,5,Customer Service,External,Completed,954.78,4,4,4
EMP0267,07-May-26,17-Mar-01,25,0,25-May-26,04-Jul-25,Research & Development,Manufacturing Director,Yes,Frequently,No,Female,Widowed,Life Sciences,3,54445,3,14,Customer Service,External,Completed,143.87,1,4,5
EMP0268,12-Dec-20,27-Apr-86,40,5,15-Apr-24,18-Sep-24,Research & Development,Research Director,No,Frequently,No,Female,Widowed,Medical,2,42454,2,14,Customer Service,Internal,Failed,813.17,5,5,3
EMP0269,21-Dec-17,19-Jun-68,58,8,25-Feb-18,04-Mar-25,Research & Development,Manufacturing Director,No,Rarely,Yes,Female,Married,Life Sciences,4,55985,4,14,Communication Skills,Internal,Completed,729.17,4,1,3
EMP0270,30-Oct-22,27-Nov-66,60,3,24-Sep-25,28-Apr-26,Sales,Sales Executive,No,Rarely,No,Male,Divorced,Medical,5,30000,6,5,Customer Service,Internal,Failed,334.8,2,2,4
EMP0271,17-Jul-16,10-Apr-84,42,9,21-Jan-18,25-Feb-26,Research & Development,Research Scientist,No,Rarely,No,Male,Married,Life Sciences,4,51974,7,11,Leadership Development,External,Incomplete,756.25,4,4,3
EMP0272,24-Jun-20,17-Nov-95,31,5,12-Nov-23,19-Apr-26,Research & Development,Research Director,Yes,Rarely,Yes,Male,Married,Life Sciences,1,45637,7,19,Technical Skills,External,Passed,744.89,4,4,4
EMP0273,16-Apr-23,10-Jul-90,36,3,29-Apr-23,08-Dec-24,Research & Development,Manufacturing Director,No,Rarely,No,Male,Single,Other,3,77348,5,5,Project Management,External,Failed,513.41,1,4,4
EMP0274,23-May-21,18-Jan-87,39,5,28-Jan-23,13-Dec-25,Human Resources,HR Generalist,No,Frequently,No,Male,Married,Life Sciences,2,51531,1,4,Project Management,External,Incomplete,719.78,3,2,4
EMP0275,16-Jul-18,06-Dec-67,59,7,09-Jan-21,01-Jan-26,Research & Development,Manufacturing Director,No,Rarely,No,Male,Married,Human Resources,4,82756,4,15,Leadership Development,External,Passed,500.12,3,5,3
EMP0276,29-Oct-24,14-Nov-64,62,1,05-Jun-25,13-May-26,Research & Development,Laboratory Technician,No,Frequently,Yes,Male,Single,Life Sciences,4,92969,2,21,Customer Service,Internal,Failed,401.99,2,3,4
EMP0277,14-Oct-21,02-Aug-69,57,4,20-Jul-23,31-Jan-25,Research & Development,Research Scientist,No,Rarely,No,Female,Married,Other,2,80623,4,7,Communication Skills,Internal,Incomplete,519.84,2,4,4
EMP0278,06-Mar-15,22-Nov-82,44,11,30-Aug-15,31-Dec-24,Research & Development,Manufacturing Director,No,Rarely,Yes,Male,Married,Other,5,60692,6,5,Customer Service,External,Failed,905.62,4,5,4
EMP0279,18-Sep-21,11-Sep-80,46,4,15-Jan-26,13-Feb-26,Research & Development,Manufacturing Director,Yes,Frequently,Yes,Female,Married,Technical Degree,4,67822,6,15,Customer Service,Internal,Passed,446.13,3,3,5
EMP0280,28-Apr-17,05-Jul-78,48,9,21-Jan-25,31-Mar-26,Research & Development,Manufacturing Director,No,Rarely,No,Female,Married,Technical Degree,4,34500,5,14,Project Management,External,Passed,463.32,4,5,3
EMP0281,05-Jan-18,06-Jul-85,41,8,08-Feb-21,14-Oct-25,Research & Development,Manufacturing Director,No,Rarely,No,Male,Divorced,Life Sciences,5,62324,1,24,Project Management,External,Incomplete,647.56,5,4,4
EMP0282,06-Dec-20,08-Aug-70,56,5,31-Jan-26,13-Mar-25,Sales,Sales Representative,No,Rarely,Yes,Female,Single,Other,2,47791,5,24,Communication Skills,External,Incomplete,777.7,4,5,4
EMP0283,03-Aug-17,28-May-90,36,8,18-Oct-23,13-Oct-24,Research & Development,Research Scientist,No,Rarely,No,Male,Married,Other,5,78886,2,3,Project Management,Internal,Incomplete,761.16,4,3,4
EMP0284,26-May-17,02-Aug-95,31,9,18-Feb-23,26-Oct-24,Sales,Sales Executive,Yes,Travel,No,Male,Married,Other,2,116455,3,5,Customer Service,Internal,Completed,117.82,5,5,4
EMP0285,27-Jun-18,14-Jul-69,57,7,21-Sep-24,13-Jul-25,Research & Development,Research Scientist,No,Rarely,Yes,Male,Married,Technical Degree,3,74996,6,12,Leadership Development,Internal,Failed,718.67,4,1,3
EMP0286,09-Feb-21,05-Sep-69,57,5,22-Apr-24,08-Apr-25,Sales,Area Sales Manager,No,Travel,Yes,Male,Single,Medical,5,30000,1,20,Communication Skills,External,Passed,505.5,2,4,3
EMP0287,27-Apr-21,09-Apr-80,46,5,10-Jul-24,20-Nov-25,Research & Development,Laboratory Technician,No,Travel,Yes,Female,Single,Other,5,57775,6,14,Leadership Development,Internal,Passed,571.68,3,3,4
EMP0288,22-Sep-19,21-Jun-91,35,6,16-Jun-21,18-Jul-24,Research & Development,Laboratory Technician,No,Frequently,No,Male,Divorced,Medical,4,67449,2,5,Customer Service,Internal,Passed,605.5,4,2,4
EMP0289,09-Sep-22,28-Aug-99,27,3,21-Mar-23,13-Jul-25,Sales,Sales Executive,No,Rarely,No,Male,Married,Technical Degree,4,66747,2,24,Communication Skills,Internal,Passed,758.55,4,1,3
EMP0290,26-Jul-19,18-Feb-81,45,6,27-Dec-19,19-Oct-25,Research & Development,Manufacturing Director,No,Rarely,No,Male,Divorced,Life Sciences,4,50383,6,4,Leadership Development,External,Incomplete,848.2,5,3,4
EMP0291,02-Dec-20,09-Jan-92,34,5,02-Jul-23,19-Feb-26,Sales,Sales Manager,No,Frequently,Yes,Male,Married,Other,5,69905,5,21,Communication Skills,External,Completed,681.63,4,3,5
EMP0292,03-May-26,20-Nov-80,46,0,25-May-26,13-Jul-25,Sales,Area Sales Manager,No,Rarely,No,Female,Married,Life Sciences,2,40149,6,16,Customer Service,External,Failed,607.52,5,3,2
EMP0293,16-Dec-25,28-Jan-66,60,0,24-Jan-26,21-Oct-25,Research & Development,Research Scientist,No,Rarely,No,Male,Divorced,Medical,5,46101,5,7,Communication Skills,External,Incomplete,436.39,1,3,5
EMP0294,19-Aug-20,26-Apr-00,26,5,08-Mar-22,03-Mar-26,Research & Development,Research Scientist,No,Rarely,No,Female,Married,Technical Degree,4,77915,6,3,Customer Service,External,Incomplete,224.09,4,3,2
EMP0295,21-Feb-16,22-Dec-67,59,10,10-Feb-19,12-Oct-25,Sales,Area Sales Manager,Yes,Rarely,Yes,Male,Married,Human Resources,4,44686,5,29,Communication Skills,Internal,Completed,962.72,5,3,4
EMP0296,26-Jan-17,16-Apr-69,57,9,09-Mar-21,15-Apr-25,Research & Development,Manufacturing Director,No,Rarely,Yes,Female,Married,Technical Degree,4,75764,3,22,Communication Skills,Internal,Failed,515.66,3,3,4
EMP0297,01-Jul-24,10-Jun-91,35,1,17-Feb-26,19-Nov-25,Research & Development,Laboratory Technician,Yes,Rarely,Yes,Male,Divorced,Medical,4,37610,4,25,Project Management,External,Passed,609.59,2,5,2
EMP0298,16-Mar-21,07-Apr-04,22,5,09-Aug-22,23-May-25,Sales,Area Sales Manager,No,Rarely,Yes,Female,Married,Life Sciences,5,100296,4,27,Customer Service,External,Failed,775.97,3,4,5
EMP0299,28-Dec-15,25-Dec-97,29,10,08-Aug-18,29-Oct-25,Research & Development,Laboratory Technician,No,Frequently,No,Female,Married,Human Resources,4,49514,5,4,Technical Skills,Internal,Passed,161.57,4,1,4
EMP0300,30-Jan-15,23-Apr-74,52,11,29-Oct-20,28-Mar-26,Sales,Sales Representative,Yes,Rarely,Yes,Male,Single,Other,5,60526,5,20,Communication Skills,Internal,Passed,869.51,1,4,2
EMP0301,25-Jun-22,07-Dec-66,60,3,01-Mar-24,14-Feb-25,Sales,Sales Executive,No,Travel,No,Male,Divorced,Human Resources,3,71612,7,22,Leadership Development,External,Incomplete,817.32,4,4,4
EMP0302,07-Dec-17,18-Apr-79,47,8,18-Dec-18,20-Oct-24,Research & Development,Manufacturing Director,Yes,Rarely,Yes,Male,Single,Marketing,4,53693,7,6,Project Management,Internal,Passed,796.99,2,1,4
EMP0303,15-Nov-20,13-May-84,42,5,27-Jan-24,31-Jan-25,Research & Development,Research Scientist,No,Frequently,No,Male,Married,Other,5,67868,3,3,Project Management,External,Passed,119.78,3,3,5
EMP0304,16-Aug-18,21-Sep-75,51,7,08-Feb-23,17-Apr-26,Research & Development,Research Director,No,Rarely,No,Male,Married,Marketing,4,76507,4,1,Communication Skills,Internal,Failed,573.87,5,4,4
EMP0305,28-Nov-24,09-May-82,44,1,08-Jul-25,22-Mar-25,Research & Development,Laboratory Technician,Yes,Frequently,No,Male,Married,Technical Degree,4,84212,3,3,Technical Skills,Internal,Failed,148.84,2,5,3
EMP0306,04-Aug-24,16-Sep-81,45,1,22-Oct-24,14-Jan-26,Human Resources,HR Manager,No,Rarely,No,Female,Married,Marketing,4,80829,7,24,Project Management,Internal,Passed,595.79,1,4,2
EMP0307,21-Mar-15,26-Feb-75,51,11,01-Jul-22,02-Nov-25,Research & Development,Laboratory Technician,No,Frequently,Yes,Male,Single,Marketing,5,61563,7,8,Customer Service,External,Passed,746.6,3,4,4
EMP0308,05-Jul-17,07-Jun-74,52,8,26-May-26,25-Sep-24,Sales,Sales Representative,No,Rarely,No,Female,Married,Human Resources,5,62067,2,16,Communication Skills,External,Incomplete,209.67,4,3,4
EMP0309,08-Sep-16,14-Jun-81,45,9,05-Feb-22,03-Mar-25,Research & Development,Research Scientist,Yes,Frequently,Yes,Male,Married,Technical Degree,2,111982,6,22,Communication Skills,Internal,Passed,725.39,3,4,5
EMP0310,06-May-18,28-Oct-02,24,8,13-Apr-20,11-Dec-25,Sales,Sales Executive,No,Travel,No,Male,Divorced,Medical,5,83997,7,7,Technical Skills,External,Completed,504.58,4,3,4
EMP0311,23-Oct-15,05-Dec-90,36,10,13-Apr-21,11-May-25,Research & Development,Research Director,No,Rarely,No,Male,Single,Medical,4,46563,4,18,Customer Service,Internal,Failed,830.4,5,3,5
EMP0312,13-Apr-23,18-May-03,23,3,25-Oct-23,25-May-25,Sales,Sales Representative,No,Rarely,No,Male,Divorced,Life Sciences,3,66999,5,9,Customer Service,Internal,Failed,580.23,3,4,5
EMP0313,28-Apr-18,24-Oct-67,59,8,30-Dec-24,23-Jan-26,Sales,Sales Representative,Yes,Frequently,Yes,Male,Married,Technical Degree,5,58297,1,3,Technical Skills,External,Passed,402.51,3,5,4
EMP0314,21-Aug-24,05-May-78,48,1,09-Jun-26,28-Feb-25,Human Resources,HR Manager,Yes,Rarely,Yes,Male,Divorced,Medical,4,62293,7,18,Leadership Development,Internal,Completed,398.79,3,1,3
EMP0315,10-Nov-17,08-Jun-92,34,8,24-Mar-21,25-Nov-25,Research & Development,Research Director,No,Frequently,No,Female,Married,Life Sciences,5,40410,2,16,Customer Service,External,Incomplete,907.74,4,2,3
EMP0316,09-Dec-15,27-Oct-80,46,10,10-May-16,02-Sep-24,Research & Development,Research Director,No,Rarely,Yes,Male,Married,Technical Degree,3,56761,6,21,Leadership Development,External,Passed,507.58,1,4,3
EMP0317,30-Nov-21,18-Aug-89,37,4,04-Jan-26,09-Jun-25,Research & Development,Manufacturing Director,No,Rarely,No,Female,Divorced,Technical Degree,1,101231,1,1,Leadership Development,External,Passed,465.18,4,4,4
EMP0318,07-Mar-23,11-Nov-63,63,3,30-May-26,08-Sep-25,Sales,Sales Executive,No,Travel,No,Male,Divorced,Human Resources,4,76581,3,21,Communication Skills,External,Passed,135.89,5,3,2
EMP0319,23-Nov-15,24-Aug-88,38,10,03-Mar-20,16-Nov-25,Sales,Sales Manager,No,Rarely,No,Female,Married,Technical Degree,2,30000,6,26,Communication Skills,External,Completed,427.89,3,3,3
EMP0320,10-Jan-23,16-Dec-63,63,3,19-Jun-23,03-Jul-25,Sales,Sales Executive,No,Frequently,No,Female,Single,Other,4,89334,3,20,Project Management,Internal,Failed,864.66,4,3,3
EMP0321,17-Sep-19,24-Mar-75,51,6,03-May-20,01-Feb-26,Research & Development,Manufacturing Director,No,Rarely,No,Female,Married,Other,3,86792,3,16,Communication Skills,Internal,Passed,784.89,1,4,1
EMP0322,06-Aug-20,05-Mar-82,44,5,06-May-24,10-May-26,Research & Development,Laboratory Technician,No,Rarely,Yes,Male,Married,Human Resources,4,57814,5,12,Customer Service,Internal,Passed,298.82,4,5,3
EMP0323,22-Apr-17,06-Aug-70,56,9,17-Mar-21,03-Jul-24,Research & Development,Research Director,No,Rarely,No,Male,Single,Technical Degree,2,79345,3,6,Customer Service,External,Failed,471.75,3,1,2
EMP0324,07-Dec-22,02-Nov-70,56,3,14-May-25,06-Nov-24,Sales,Sales Executive,No,Rarely,No,Female,Single,Medical,3,47812,7,28,Leadership Development,Internal,Incomplete,276.92,4,5,4
EMP0325,12-Feb-24,27-Jan-71,55,2,13-Apr-25,11-Apr-26,Human Resources,HR Generalist,No,Rarely,No,Male,Divorced,Other,4,55594,1,21,Customer Service,External,Failed,958.8,4,3,3
EMP0326,20-Jun-18,02-Nov-00,26,7,26-Oct-19,28-Aug-25,Research & Development,Laboratory Technician,No,Rarely,Yes,Female,Single,Medical,3,94970,2,9,Communication Skills,External,Passed,638.31,2,3,5
EMP0327,23-Apr-20,05-Jul-04,22,6,07-Nov-22,23-Jan-26,Research & Development,Research Director,No,Rarely,No,Male,Married,Medical,4,59565,7,21,Communication Skills,External,Passed,778.92,4,4,2
EMP0328,24-Aug-18,03-Apr-64,62,7,18-Dec-25,18-Feb-26,Research & Development,Research Director,No,Rarely,No,Male,Single,Marketing,5,30000,5,13,Communication Skills,External,Failed,742.43,4,4,5
EMP0329,21-Dec-18,07-Jan-95,31,7,22-Sep-25,20-Feb-25,Research & Development,Laboratory Technician,No,Frequently,No,Male,Single,Life Sciences,4,63733,2,24,Technical Skills,External,Passed,886.32,3,1,4
EMP0330,31-Mar-24,12-Aug-72,54,2,11-Apr-24,27-Feb-25,Sales,Area Sales Manager,No,Rarely,No,Male,Single,Other,5,63428,3,12,Customer Service,Internal,Completed,954.4,5,4,4
EMP0331,23-Jul-15,21-Oct-01,25,10,31-Aug-22,09-Apr-25,Research & Development,Research Scientist,Yes,Rarely,Yes,Female,Single,Technical Degree,2,88967,4,13,Project Management,External,Failed,129.2,1,4,4
EMP0332,09-Jan-19,16-Oct-62,64,7,10-Feb-26,18-Dec-25,Research & Development,Manufacturing Director,No,Rarely,No,Male,Married,Technical Degree,3,65286,6,18,Customer Service,Internal,Passed,977.77,4,2,3
EMP0333,14-Jun-22,01-Aug-62,64,3,05-Aug-24,25-Jun-25,Sales,Sales Executive,No,Rarely,No,Male,Divorced,Technical Degree,5,56568,5,19,Customer Service,Internal,Failed,883.49,3,2,2
EMP0334,26-Mar-24,18-Sep-04,22,2,20-May-24,29-Oct-25,Sales,Area Sales Manager,No,Frequently,No,Male,Single,Marketing,4,85901,3,19,Technical Skills,External,Completed,444.65,4,3,4
EMP0335,25-Jul-20,01-Jan-78,48,5,25-Dec-23,13-Aug-25,Sales,Sales Manager,No,Rarely,No,Male,Married,Life Sciences,4,67415,5,19,Customer Service,External,Failed,853.36,3,4,5
EMP0336,25-Dec-20,09-Dec-71,55,5,03-Dec-23,01-Oct-24,Sales,Sales Representative,No,Rarely,Yes,Female,Married,Technical Degree,4,49999,4,6,Leadership Development,External,Completed,762.9,3,3,5
EMP0337,28-Jul-18,01-May-70,56,7,12-Jan-19,02-Jan-26,Research & Development,Laboratory Technician,Yes,Rarely,Yes,Male,Divorced,Human Resources,4,88099,1,16,Communication Skills,External,Failed,813.8,1,4,4
EMP0338,04-Jun-17,22-Dec-72,54,9,01-Jan-21,27-Aug-24,Research & Development,Laboratory Technician,No,Rarely,No,Male,Married,Marketing,1,68873,7,7,Communication Skills,External,Completed,298.62,4,4,4
EMP0339,31-Jul-23,04-Mar-77,49,2,01-Jun-24,23-Sep-24,Research & Development,Laboratory Technician,No,Frequently,No,Female,Married,Human Resources,4,65058,1,7,Technical Skills,Internal,Completed,683.71,4,4,4
EMP0340,14-Nov-15,05-Sep-98,28,10,14-Jul-19,19-Dec-25,Sales,Sales Representative,No,Rarely,No,Female,Married,Medical,4,68558,6,28,Communication Skills,External,Passed,123.33,4,4,4
EMP0341,22-Jul-25,20-Apr-89,37,0,05-Apr-26,28-Oct-24,Research & Development,Research Director,No,Frequently,No,Female,Divorced,Medical,4,43586,1,23,Leadership Development,External,Passed,863.41,5,3,5
EMP0342,28-Dec-19,27-May-71,55,6,19-Jun-22,22-Nov-24,Research & Development,Laboratory Technician,No,Rarely,No,Male,Single,Life Sciences,5,54446,7,28,Technical Skills,External,Incomplete,955.94,5,5,3
EMP0343,23-Jun-19,26-May-82,44,6,11-Mar-21,19-Oct-25,Sales,Area Sales Manager,No,Rarely,Yes,Male,Married,Marketing,3,65071,7,19,Project Management,Internal,Incomplete,695.91,4,4,5
EMP0344,28-Apr-25,12-Feb-79,47,1,23-May-25,15-Mar-26,Research & Development,Laboratory Technician,No,Travel,No,Female,Divorced,Human Resources,3,61106,4,16,Communication Skills,Internal,Completed,561.4,4,4,3
EMP0345,04-Nov-22,19-Aug-79,47,3,16-Jan-25,16-Apr-25,Research & Development,Laboratory Technician,No,Rarely,No,Female,Married,Human Resources,5,90448,2,17,Customer Service,External,Completed,753.16,1,4,4
EMP0346,05-Nov-21,08-Dec-89,37,4,05-May-24,24-Dec-24,Research & Development,Laboratory Technician,No,Rarely,No,Male,Married,Marketing,4,69348,4,22,Leadership Development,Internal,Passed,393.73,5,4,5
EMP0347,08-Feb-20,27-Nov-85,41,6,06-Oct-25,27-Jan-25,Research & Development,Laboratory Technician,No,Rarely,No,Male,Married,Technical Degree,4,82098,4,19,Leadership Development,External,Failed,663.75,5,3,5
EMP0348,01-Jan-20,28-Nov-99,27,6,03-Jan-21,02-Nov-25,Sales,Sales Manager,No,Rarely,No,Female,Single,Human Resources,2,65187,3,16,Communication Skills,Internal,Incomplete,747.08,1,3,4
EMP0349,13-Jul-15,03-Jan-63,63,10,07-Jan-18,14-Oct-24,Research & Development,Manufacturing Director,No,Rarely,No,Female,Married,Medical,3,86125,1,29,Project Management,Internal,Incomplete,228.41,4,3,3
EMP0350,02-May-19,13-Jul-79,47,7,05-Mar-24,12-Feb-25,Research & Development,Research Director,Yes,Rarely,Yes,Male,Married,Life Sciences,4,72950,5,16,Customer Service,External,Passed,226.06,5,5,3
EMP0351,09-Dec-23,02-Aug-69,57,2,30-Sep-24,23-Feb-25,Research & Development,Manufacturing Director,No,Rarely,No,Female,Married,Other,3,65268,7,19,Project Management,Internal,Passed,744.52,2,4,2
EMP0352,13-May-22,23-Jan-64,62,4,28-Jul-24,30-Aug-25,Research & Development,Laboratory Technician,Yes,Rarely,Yes,Female,Married,Technical Degree,5,64734,6,15,Project Management,External,Failed,488.6,3,2,4
EMP0353,01-Apr-21,16-Feb-94,32,5,29-Jan-22,28-May-26,Research & Development,Research Scientist,No,Rarely,Yes,Male,Divorced,Other,5,45911,2,3,Communication Skills,Internal,Failed,900.28,3,4,4
EMP0354,22-Jul-16,26-Nov-77,49,9,14-Jan-18,30-Mar-25,Sales,Sales Manager,No,Rarely,No,Male,Single,Medical,5,75138,7,15,Customer Service,Internal,Passed,380.74,3,1,4
EMP0355,05-Apr-21,28-Oct-83,43,5,22-Feb-23,02-Oct-25,Sales,Sales Representative,Yes,Rarely,Yes,Female,Married,Human Resources,3,64195,5,25,Communication Skills,Internal,Failed,138.19,1,3,4
EMP0356,16-Nov-22,02-Sep-98,28,3,04-May-23,01-Oct-25,Research & Development,Research Director,No,Rarely,No,Female,Married,Medical,4,54960,3,28,Communication Skills,External,Passed,684.89,3,3,4
EMP0357,19-Dec-23,28-Apr-90,36,2,19-Apr-25,11-Jul-25,Sales,Sales Executive,Yes,Travel,No,Female,Married,Medical,3,87129,3,16,Leadership Development,Internal,Completed,715.82,3,4,4
EMP0358,05-Jun-22,09-Aug-68,58,4,18-Aug-25,24-Mar-25,Research & Development,Research Director,No,Rarely,No,Female,Single,Technical Degree,3,39995,2,20,Communication Skills,External,Completed,598.23,5,5,5
EMP0359,15-Aug-15,22-Feb-02,24,10,23-Dec-23,26-Oct-24,Human Resources,Recruiter,No,Frequently,No,Male,Married,Medical,1,56550,5,5,Technical Skills,External,Completed,715.0,3,5,1
EMP0360,02-Aug-17,19-Sep-87,39,8,19-Feb-18,27-Oct-25,Research & Development,Research Director,Yes,Rarely,Yes,Male,Divorced,Life Sciences,3,85554,2,19,Customer Service,External,Completed,571.38,3,2,5
EMP0361,09-Nov-20,06-Jan-62,64,5,06-Dec-23,14-Oct-24,Research & Development,Laboratory Technician,No,Rarely,Yes,Male,Married,Medical,5,71310,2,10,Leadership Development,External,Failed,723.37,3,4,3
EMP0362,02-Jan-19,07-Jan-84,42,7,25-Jun-23,10-Jan-26,Research & Development,Laboratory Technician,Yes,Rarely,Yes,Male,Divorced,Life Sciences,3,64042,1,13,Customer Service,Internal,Completed,139.54,2,5,4
EMP0363,14-Dec-20,25-Mar-67,59,5,04-Jun-22,01-Nov-24,Research & Development,Manufacturing Director,No,Rarely,No,Male,Widowed,Human Resources,3,70020,5,15,Leadership Development,Internal,Failed,431.56,5,3,5
EMP0364,10-Nov-15,10-Feb-79,47,10,23-Oct-16,06-Jun-26,Research & Development,Laboratory Technician,No,Rarely,Yes,Female,Single,Marketing,5,68588,1,12,Technical Skills,External,Incomplete,289.74,5,4,3
EMP0365,07-Jun-17,08-Oct-94,32,9,25-Nov-21,10-Apr-25,Human Resources,Healthcare Representative,No,Rarely,No,Male,Single,Life Sciences,1,34666,7,17,Communication Skills,Internal,Passed,189.39,4,5,2
EMP0366,29-Sep-24,22-Jul-68,58,1,24-Feb-26,27-Apr-26,Research & Development,Laboratory Technician,Yes,Rarely,No,Male,Widowed,Life Sciences,4,58014,1,15,Leadership Development,External,Incomplete,310.68,3,4,3
EMP0367,02-Oct-22,13-Jun-70,56,3,09-Mar-25,01-May-26,Human Resources,HR Manager,No,Travel,No,Male,Widowed,Life Sciences,3,97330,7,28,Leadership Development,External,Passed,272.18,4,3,3
EMP0368,13-Jan-22,24-Dec-96,30,4,16-May-26,15-Feb-25,Human Resources,Recruiter,No,Rarely,Yes,Female,Single,Technical Degree,1,51813,6,4,Leadership Development,Internal,Passed,975.82,3,5,4
EMP0369,14-Oct-24,24-Sep-99,27,1,24-Feb-25,11-Jan-25,Sales,Sales Representative,No,Rarely,No,Male,Single,Life Sciences,5,58633,1,15,Technical Skills,External,Failed,357.89,1,5,2
EMP0370,05-Aug-17,04-Jan-82,44,8,20-Feb-26,08-May-26,Sales,Sales Representative,No,Frequently,Yes,Male,Single,Human Resources,2,54167,4,17,Customer Service,External,Failed,307.86,3,4,2
EMP0371,22-Aug-23,27-Apr-77,49,2,24-May-24,02-Apr-25,Sales,Sales Executive,No,Rarely,Yes,Male,Widowed,Life Sciences,4,63259,3,27,Technical Skills,Internal,Passed,851.39,5,3,4
EMP0372,07-Apr-19,20-Jun-00,26,7,27-Aug-24,15-Dec-24,Sales,Sales Representative,No,Rarely,No,Female,Single,Medical,3,53337,3,11,Leadership Development,External,Failed,477.2,2,4,4
EMP0373,17-Sep-20,13-Oct-65,61,5,07-Dec-22,04-May-25,Sales,Area Sales Manager,No,Rarely,No,Male,Married,Other,2,74734,4,23,Leadership Development,Internal,Completed,479.32,4,3,4
EMP0374,30-Dec-15,21-Jan-84,42,10,19-Jun-21,06-Feb-25,Research & Development,Research Director,No,Travel,No,Male,Divorced,Human Resources,1,68946,7,23,Communication Skills,External,Passed,499.23,1,3,4
EMP0375,12-Oct-24,16-Aug-87,39,1,20-Nov-25,28-Jun-24,Sales,Sales Executive,No,Frequently,Yes,Male,Single,Life Sciences,2,80470,7,15,Technical Skills,External,Failed,474.88,2,4,4
EMP0376,14-Jan-15,18-Jun-90,36,11,08-Jun-19,03-Mar-26,Sales,Sales Representative,No,Rarely,No,Male,Married,Human Resources,2,43981,2,20,Technical Skills,External,Passed,393.91,4,5,2
EMP0377,03-Jun-19,06-Jul-80,46,7,17-Sep-25,05-Mar-25,Research & Development,Laboratory Technician,Yes,Rarely,Yes,Female,Single,Marketing,4,58193,5,21,Project Management,External,Failed,357.71,3,5,4
EMP0378,03-Mar-23,22-Oct-61,65,3,08-Feb-26,20-Jan-25,Sales,Area Sales Manager,No,Travel,No,Female,Divorced,Human Resources,4,60485,5,26,Customer Service,External,Completed,893.76,5,4,5
EMP0379,03-Sep-24,25-Feb-80,46,1,13-May-25,08-Oct-25,Research & Development,Laboratory Technician,No,Rarely,No,Female,Single,Technical Degree,3,74112,5,7,Project Management,External,Passed,245.54,3,4,3
EMP0380,27-Jul-16,26-May-65,61,9,15-Apr-19,18-Mar-26,Sales,Sales Executive,No,Rarely,Yes,Male,Married,Technical Degree,4,49135,1,13,Project Management,External,Incomplete,262.96,2,3,4
EMP0381,28-May-22,03-Dec-89,37,4,21-Oct-22,17-Nov-24,Sales,Sales Representative,No,Rarely,No,Female,Married,Other,5,83313,5,22,Customer Service,External,Failed,614.55,4,5,5
EMP0382,15-Jan-22,05-May-99,27,4,14-Jul-23,30-May-26,Research & Development,Manufacturing Director,No,Rarely,No,Male,Single,Medical,5,88728,5,13,Communication Skills,External,Completed,409.29,4,4,5
EMP0383,17-Oct-17,26-Dec-80,46,8,13-Aug-22,02-Jul-24,Research & Development,Research Director,Yes,Rarely,Yes,Male,Single,Technical Degree,4,45222,7,20,Communication Skills,External,Completed,479.38,1,5,4
EMP0384,26-Sep-21,24-Mar-64,62,4,20-Jul-23,21-Apr-25,Research & Development,Research Director,No,Rarely,Yes,Female,Married,Marketing,5,55182,5,20,Customer Service,External,Incomplete,825.89,4,4,4
EMP0385,17-May-26,12-Jun-80,46,0,07-Jun-26,31-Oct-25,Research & Development,Research Scientist,No,Rarely,Yes,Male,Single,Life Sciences,3,54361,3,2,Customer Service,External,Passed,913.27,4,4,4
EMP0386,08-Dec-21,01-Feb-98,28,4,01-Mar-25,27-Jan-26,Research & Development,Laboratory Technician,No,Rarely,Yes,Male,Divorced,Life Sciences,3,117647,4,10,Technical Skills,External,Passed,811.5,2,5,4
EMP0387,28-Feb-24,12-Aug-85,41,2,29-May-24,09-Jun-25,Sales,Sales Representative,No,Frequently,No,Male,Divorced,Life Sciences,4,56401,6,18,Technical Skills,Internal,Failed,311.44,5,3,4
EMP0388,26-Apr-22,05-Feb-87,39,4,12-Dec-22,13-Aug-25,Sales,Sales Representative,No,Rarely,No,Male,Married,Technical Degree,4,98552,7,28,Technical Skills,External,Incomplete,981.97,3,1,3
EMP0389,10-Jan-24,14-Mar-99,27,2,27-Nov-25,10-Oct-25,Research & Development,Research Scientist,No,Rarely,Yes,Male,Married,Technical Degree,4,39667,2,20,Technical Skills,External,Passed,426.86,2,3,3
EMP0390,19-Aug-21,18-Sep-76,50,4,14-Dec-23,17-Aug-24,Research & Development,Laboratory Technician,No,Rarely,Yes,Female,Married,Technical Degree,4,45206,4,5,Leadership Development,External,Incomplete,252.16,4,5,3
EMP0391,08-Nov-17,04-Jul-72,54,8,08-Aug-22,11-Mar-26,Human Resources,Healthcare Representative,No,Rarely,No,Male,Divorced,Life Sciences,5,51267,5,20,Leadership Development,Internal,Passed,549.55,2,4,3
EMP0392,21-Apr-19,12-Feb-03,23,7,26-May-23,26-May-26,Research & Development,Research Scientist,Yes,Rarely,No,Female,Married,Marketing,5,48086,2,19,Communication Skills,External,Passed,752.76,4,4,4
EMP0393,06-Jun-24,20-Feb-69,57,2,28-May-25,05-Feb-25,Research & Development,Laboratory Technician,No,Rarely,No,Male,Single,Other,4,59642,2,27,Leadership Development,Internal,Passed,174.94,3,3,5
EMP0394,03-Jul-23,28-Jun-66,60,2,27-Jul-24,26-Jul-24,Research & Development,Manufacturing Director,No,Frequently,No,Female,Single,Marketing,4,50824,4,2,Leadership Development,Internal,Failed,670.86,2,4,5
EMP0395,26-Nov-18,10-Jan-80,46,7,01-Jul-22,03-Aug-25,Sales,Sales Representative,Yes,Travel,Yes,Male,Married,Technical Degree,3,48613,4,4,Technical Skills,External,Incomplete,872.27,5,4,4
EMP0396,01-Oct-21,25-Jul-78,48,4,06-Sep-23,28-Dec-25,Human Resources,HR Generalist,No,Rarely,No,Male,Married,Human Resources,2,88169,4,16,Technical Skills,External,Passed,335.6,4,2,5
EMP0397,09-Feb-24,18-Dec-99,27,2,09-Oct-25,21-Jun-24,Research & Development,Manufacturing Director,No,Rarely,Yes,Male,Married,Human Resources,3,89475,7,27,Customer Service,Internal,Failed,723.81,4,5,5
EMP0398,04-Jan-15,17-Oct-89,37,11,21-Jul-15,26-Feb-25,Research & Development,Research Scientist,No,Rarely,No,Female,Single,Technical Degree,4,83985,7,21,Technical Skills,External,Passed,459.92,3,3,5
EMP0399,25-Oct-21,13-Nov-94,32,4,17-Feb-26,04-Nov-24,Research & Development,Manufacturing Director,No,Frequently,No,Male,Married,Other,1,75479,6,16,Customer Service,Internal,Failed,472.72,2,3,2
EMP0400,08-Jun-21,09-Mar-94,32,5,22-Feb-23,22-Oct-24,Research & Development,Manufacturing Director,No,Frequently,No,Male,Single,Marketing,5,66854,4,17,Customer Service,Internal,Passed,352.73,4,3,4
EMP0401,18-Sep-19,16-May-85,41,6,11-Aug-21,18-May-26,Sales,Area Sales Manager,No,Rarely,No,Male,Single,Other,3,55059,6,15,Leadership Development,Internal,Failed,661.95,5,2,4
EMP0402,22-Aug-24,06-Feb-95,31,1,15-Aug-25,03-Mar-25,Human Resources,Healthcare Representative,No,Rarely,No,Female,Married,Medical,4,45936,1,13,Technical Skills,External,Completed,424.9,2,4,2
EMP0403,24-Mar-22,14-May-77,49,4,06-Sep-25,22-Feb-25,Research & Development,Manufacturing Director,No,Frequently,Yes,Male,Single,Medical,2,72259,3,1,Leadership Development,Internal,Failed,847.81,3,3,5
EMP0404,06-Jun-25,26-Aug-85,41,1,18-Jan-26,21-Jan-26,Research & Development,Manufacturing Director,Yes,Rarely,Yes,Male,Married,Life Sciences,3,41527,6,22,Technical Skills,Internal,Passed,966.61,3,5,2
EMP0405,28-Nov-24,09-Jun-00,26,1,26-Apr-25,21-Jun-24,Sales,Sales Representative,No,Rarely,Yes,Female,Married,Human Resources,5,45121,3,5,Leadership Development,External,Passed,941.58,3,3,3
EMP0406,01-Dec-24,21-Dec-89,37,1,25-Feb-26,22-Apr-25,Research & Development,Research Director,No,Rarely,Yes,Male,Married,Marketing,4,88058,5,27,Leadership Development,Internal,Completed,246.82,4,4,2
EMP0407,17-Oct-19,20-Oct-73,53,6,17-Apr-20,04-Dec-25,Research & Development,Laboratory Technician,No,Rarely,No,Male,Married,Medical,5,103012,1,20,Leadership Development,External,Completed,112.77,1,4,4
EMP0408,12-Aug-25,04-Aug-92,34,0,09-Dec-25,28-May-25,Sales,Area Sales Manager,No,Frequently,No,Male,Single,Medical,5,72865,2,1,Communication Skills,External,Incomplete,494.62,2,4,4
EMP0409,22-Oct-18,01-May-96,30,7,16-Jan-21,08-Sep-24,Human Resources,Recruiter,No,Travel,No,Female,Single,Other,3,87129,4,12,Leadership Development,External,Completed,756.0,1,3,4
EMP0410,25-Nov-16,27-Jun-79,47,9,02-Aug-24,21-Feb-25,Sales,Sales Representative,No,Rarely,No,Male,Divorced,Human Resources,3,60083,5,23,Project Management,Internal,Incomplete,979.71,3,5,3
EMP0411,13-May-21,26-Jul-65,61,5,17-Jun-23,21-Jun-24,Sales,Area Sales Manager,No,Rarely,Yes,Male,Married,Technical Degree,5,38246,2,15,Project Management,External,Failed,805.08,3,4,4
EMP0412,08-Jul-22,11-Aug-83,43,3,23-May-23,01-Sep-24,Human Resources,HR Generalist,No,Rarely,Yes,Male,Married,Technical Degree,5,77243,7,4,Project Management,External,Passed,622.49,5,1,4
EMP0413,04-Feb-17,20-Nov-77,49,9,04-Aug-25,10-Jun-26,Human Resources,Recruiter,No,Rarely,No,Male,Single,Marketing,4,76385,3,19,Customer Service,Internal,Passed,123.72,4,3,4
EMP0414,08-Apr-20,11-May-96,30,6,25-Mar-21,07-Sep-24,Research & Development,Manufacturing Director,No,Rarely,No,Male,Married,Marketing,4,66433,2,16,Leadership Development,Internal,Failed,842.99,1,3,3
EMP0415,17-Dec-21,07-Dec-66,60,4,04-Aug-22,31-Mar-26,Research & Development,Research Scientist,No,Rarely,No,Male,Married,Other,4,60152,4,23,Project Management,External,Completed,259.43,4,5,2
EMP0416,15-Jan-20,06-Jun-74,52,6,25-Aug-20,13-May-25,Research & Development,Research Director,No,Rarely,No,Female,Married,Life Sciences,3,84244,4,18,Customer Service,Internal,Completed,150.05,4,3,1
EMP0417,20-Jun-19,10-Jun-79,47,6,11-Mar-22,04-Jul-24,Sales,Sales Executive,Yes,Rarely,Yes,Male,Married,Marketing,4,45285,6,26,Project Management,External,Passed,865.32,3,3,4
EMP0418,22-Apr-18,19-Aug-64,62,8,08-Apr-25,06-Jul-25,Sales,Sales Executive,No,Rarely,No,Male,Single,Medical,5,49524,6,17,Technical Skills,External,Failed,609.63,1,1,3
EMP0419,20-Jul-15,13-Jun-89,37,10,09-Dec-25,15-Dec-24,Research & Development,Manufacturing Director,No,Rarely,Yes,Female,Single,Marketing,4,44837,7,11,Communication Skills,Internal,Completed,215.7,2,3,2
EMP0420,14-Jan-16,12-Jul-87,39,10,09-Sep-17,09-May-26,Research & Development,Research Director,No,Rarely,No,Female,Divorced,Marketing,1,66699,3,20,Leadership Development,Internal,Failed,447.89,2,4,3
EMP0421,28-Jun-20,07-Oct-97,29,5,19-Sep-23,12-Aug-25,Research & Development,Research Director,No,Rarely,No,Male,Widowed,Technical Degree,3,43242,4,13,Communication Skills,External,Passed,176.99,5,4,4
EMP0422,28-Aug-25,06-Sep-67,59,0,04-Sep-25,01-Apr-25,Research & Development,Research Director,No,Travel,No,Male,Single,Life Sciences,2,51315,1,24,Communication Skills,Internal,Completed,674.21,3,2,4
EMP0423,19-Aug-16,01-Sep-61,65,9,25-Jun-20,08-Sep-25,Sales,Sales Manager,No,Rarely,No,Female,Married,Technical Degree,3,50884,5,29,Technical Skills,External,Passed,354.18,5,2,4
EMP0424,19-Mar-25,07-Dec-75,51,1,09-Mar-26,27-Jun-24,Research & Development,Research Scientist,No,Rarely,No,Male,Single,Medical,5,59787,3,22,Technical Skills,Internal,Incomplete,879.48,4,3,4
EMP0425,18-Apr-24,27-May-76,50,2,09-Aug-24,22-Sep-24,Sales,Sales Manager,No,Frequently,No,Female,Single,Life Sciences,1,35252,3,9,Technical Skills,External,Incomplete,422.02,3,4,2
EMP0426,12-May-19,22-Jul-00,26,7,12-Oct-22,03-Dec-24,Research & Development,Laboratory Technician,No,Travel,Yes,Male,Single,Life Sciences,3,66744,2,17,Customer Service,External,Passed,545.17,5,5,3
EMP0427,12-Aug-23,21-Mar-73,53,2,18-Feb-26,30-Oct-24,Research & Development,Laboratory Technician,No,Rarely,No,Male,Single,Human Resources,3,89946,3,17,Project Management,Internal,Passed,157.17,2,1,3
EMP0428,01-Feb-26,09-Apr-85,41,0,01-Jun-26,11-Nov-25,Research & Development,Research Scientist,Yes,Frequently,Yes,Male,Married,Marketing,4,67709,7,27,Leadership Development,Internal,Completed,348.03,1,3,3
EMP0429,18-Dec-23,23-Mar-62,64,2,10-Jan-24,10-Jul-24,Research & Development,Laboratory Technician,Yes,Rarely,Yes,Female,Married,Technical Degree,4,95826,5,5,Technical Skills,External,Failed,709.09,4,3,5
EMP0430,21-Jun-20,03-Jul-77,49,5,11-Mar-24,21-Mar-26,Sales,Sales Executive,No,Rarely,Yes,Male,Single,Human Resources,3,91679,1,22,Leadership Development,External,Passed,762.64,3,5,4
EMP0431,23-Apr-18,16-Oct-76,50,8,26-Aug-20,14-Sep-24,Sales,Sales Manager,No,Rarely,Yes,Female,Single,Technical Degree,3,80554,2,8,Leadership Development,Internal,Incomplete,318.54,3,4,4
EMP0432,15-Feb-15,18-Jul-67,59,11,16-Nov-19,03-Jul-25,Research & Development,Laboratory Technician,No,Rarely,No,Male,Divorced,Marketing,3,66493,5,3,Leadership Development,External,Failed,553.44,4,3,3
EMP0433,23-May-17,14-Dec-72,54,9,04-Sep-19,16-Apr-26,Research & Development,Research Scientist,Yes,Rarely,No,Male,Single,Marketing,4,65450,6,6,Technical Skills,Internal,Passed,835.78,5,3,3
EMP0434,14-Jul-24,26-Jan-70,56,1,24-Jan-26,31-Dec-24,Sales,Sales Manager,No,Rarely,Yes,Male,Married,Marketing,3,80275,3,3,Technical Skills,External,Failed,441.92,3,3,3
EMP0435,28-Nov-19,26-Dec-81,45,6,10-Oct-25,21-Jul-24,Sales,Area Sales Manager,No,Rarely,Yes,Female,Single,Technical Degree,5,57166,7,8,Project Management,External,Passed,220.39,3,4,4
EMP0436,11-Dec-18,21-Oct-70,56,7,04-Nov-21,04-Jun-25,Research & Development,Research Director,Yes,Rarely,No,Male,Married,Marketing,4,30000,4,12,Technical Skills,Internal,Passed,488.68,4,1,3
EMP0437,02-Jun-25,25-Feb-99,27,1,09-Mar-26,20-Apr-26,Sales,Sales Representative,Yes,Rarely,Yes,Male,Single,Human Resources,2,74840,6,27,Technical Skills,Internal,Failed,640.57,4,3,4
EMP0438,16-Feb-16,22-Nov-89,37,10,17-Jul-21,18-Feb-26,Research & Development,Research Director,No,Rarely,No,Female,Single,Other,4,42378,4,27,Leadership Development,Internal,Passed,106.66,2,4,4
EMP0439,03-Aug-20,21-Mar-82,44,5,04-Mar-22,15-May-25,Research & Development,Research Director,No,Rarely,Yes,Male,Single,Life Sciences,3,45757,5,4,Project Management,External,Failed,413.71,5,3,5
EMP0440,21-Sep-17,19-Jan-65,61,8,08-Jul-25,02-Jun-25,Sales,Sales Representative,No,Rarely,No,Male,Single,Life Sciences,4,65004,1,2,Communication Skills,Internal,Incomplete,646.69,4,4,3
EMP0441,28-Mar-25,21-Nov-63,63,1,20-Mar-26,20-Feb-25,Sales,Sales Manager,No,Frequently,Yes,Male,Married,Technical Degree,3,63097,4,28,Technical Skills,Internal,Incomplete,956.72,4,3,2
EMP0442,28-Dec-17,26-Jun-79,47,8,26-Jun-25,16-Sep-24,Human Resources,HR Manager,No,Frequently,Yes,Male,Married,Medical,4,36758,7,25,Technical Skills,External,Passed,467.69,5,4,3
EMP0443,03-Jun-25,01-Feb-77,49,1,12-Jun-25,01-May-26,Research & Development,Research Scientist,Yes,Rarely,Yes,Male,Single,Life Sciences,4,68309,5,10,Communication Skills,External,Passed,246.68,5,1,4
EMP0444,12-Feb-22,08-May-98,28,4,24-Mar-24,02-Jun-25,Research & Development,Manufacturing Director,No,Frequently,No,Female,Single,Other,5,84322,2,15,Leadership Development,External,Failed,580.8,2,5,3
EMP0445,04-Dec-24,17-Dec-72,54,1,27-May-26,01-Jun-25,Research & Development,Laboratory Technician,No,Rarely,No,Male,Married,Medical,3,42433,3,13,Project Management,Internal,Failed,357.18,2,2,4
EMP0446,28-Apr-26,23-Oct-69,57,0,30-Apr-26,14-Dec-25,Human Resources,Recruiter,No,Rarely,No,Male,Married,Other,3,90449,1,24,Leadership Development,Internal,Incomplete,293.3,4,2,4
EMP0447,27-Jul-24,15-Apr-68,58,1,14-Apr-25,17-Aug-24,Human Resources,HR Generalist,No,Rarely,No,Female,Widowed,Human Resources,4,33796,7,15,Customer Service,Internal,Failed,631.36,5,5,3
EMP0448,31-Dec-24,15-Jul-81,45,1,23-Jun-25,16-Nov-24,Research & Development,Research Director,No,Rarely,No,Male,Married,Human Resources,5,107346,7,22,Technical Skills,External,Passed,924.3,4,5,2
EMP0449,27-Jul-18,23-Oct-61,65,7,30-Mar-19,20-Jun-24,Research & Development,Manufacturing Director,No,Rarely,No,Male,Married,Medical,5,56774,1,19,Customer Service,External,Failed,851.7,3,2,3
EMP0450,24-Aug-25,12-Mar-72,54,0,16-Jan-26,04-Apr-26,Sales,Area Sales Manager,No,Rarely,No,Male,Married,Medical,2,67912,2,18,Technical Skills,External,Completed,264.06,4,5,3
EMP0451,03-Feb-25,04-Aug-03,23,1,16-May-25,14-Nov-24,Research & Development,Manufacturing Director,No,Frequently,No,Female,Widowed,Technical Degree,2,30000,1,13,Customer Service,Internal,Incomplete,789.29,2,3,3
EMP0452,24-Oct-20,03-Jul-86,40,5,09-Nov-23,15-Jun-24,Research & Development,Research Scientist,No,Rarely,No,Female,Divorced,Life Sciences,4,63757,5,20,Communication Skills,Internal,Passed,306.88,5,4,4
EMP0453,18-Jul-20,05-Dec-97,29,5,20-Feb-21,14-Nov-25,Research & Development,Manufacturing Director,Yes,Rarely,Yes,Male,Single,Medical,2,69569,1,20,Technical Skills,External,Failed,361.63,3,1,4
EMP0454,21-Mar-21,11-May-82,44,5,29-Oct-23,21-Jan-26,Human Resources,Healthcare Representative,Yes,Travel,Yes,Female,Single,Medical,3,63276,1,1,Technical Skills,Internal,Passed,928.05,5,3,2
EMP0455,13-Nov-25,17-Apr-75,51,0,29-Apr-26,04-Jul-25,Sales,Sales Manager,No,Rarely,No,Male,Single,Life Sciences,2,53738,1,25,Customer Service,Internal,Failed,919.95,3,4,4
EMP0456,13-May-20,16-Jun-74,52,6,16-Jun-20,10-Oct-25,Research & Development,Manufacturing Director,No,Rarely,No,Female,Married,Medical,4,46068,5,16,Project Management,Internal,Passed,251.77,5,4,3
EMP0457,27-Feb-21,24-Aug-98,28,5,13-Jul-21,06-Dec-24,Sales,Sales Representative,Yes,Rarely,No,Female,Married,Human Resources,5,87610,6,26,Customer Service,External,Incomplete,157.77,3,4,4
EMP0458,12-Nov-24,03-Jun-76,50,1,14-Dec-25,15-Feb-26,Research & Development,Research Scientist,No,Rarely,Yes,Male,Married,Life Sciences,5,65616,3,8,Technical Skills,External,Failed,363.81,4,4,5
EMP0459,26-Sep-16,26-Jan-85,41,9,21-Feb-24,16-Aug-24,Sales,Sales Manager,Yes,Rarely,Yes,Female,Single,Life Sciences,3,95815,4,23,Technical Skills,Internal,Incomplete,623.6,5,5,5
EMP0460,29-May-21,28-Jan-97,29,5,05-Dec-22,07-Feb-25,Sales,Area Sales Manager,No,Rarely,No,Male,Married,Technical Degree,4,54470,6,6,Project Management,Internal,Incomplete,889.2,4,2,3
EMP0461,04-Apr-20,04-Nov-83,43,6,18-Apr-24,25-Oct-24,Sales,Area Sales Manager,No,Rarely,Yes,Male,Divorced,Other,5,56304,1,3,Leadership Development,External,Passed,206.95,4,2,4
EMP0462,03-Feb-21,24-Mar-61,65,5,09-Dec-25,22-Jun-24,Research & Development,Research Scientist,No,Rarely,No,Female,Single,Medical,2,81311,2,20,Project Management,External,Completed,473.46,2,4,4
EMP0463,14-Jul-22,06-Sep-89,37,3,19-Feb-23,09-Nov-25,Research & Development,Manufacturing Director,No,Rarely,No,Female,Married,Life Sciences,4,32540,7,16,Leadership Development,Internal,Incomplete,344.57,3,1,2
EMP0464,04-Mar-22,11-Mar-69,57,4,12-Apr-22,24-Oct-25,Research & Development,Manufacturing Director,No,Rarely,No,Male,Married,Technical Degree,4,40730,2,2,Technical Skills,External,Failed,113.44,5,4,4
EMP0465,22-Oct-16,15-Jul-69,57,9,02-Feb-20,18-Jul-25,Human Resources,Healthcare Representative,Yes,Rarely,Yes,Female,Divorced,Other,3,86949,5,23,Communication Skills,Internal,Failed,809.6,2,4,5
EMP0466,07-Feb-18,21-Jul-90,36,8,20-May-25,15-Jun-25,Research & Development,Laboratory Technician,No,Frequently,No,Male,Divorced,Human Resources,4,41561,3,2,Communication Skills,Internal,Failed,831.96,4,3,3
EMP0467,20-May-18,21-Mar-93,33,8,19-Sep-22,11-Sep-25,Sales,Sales Manager,No,Rarely,Yes,Male,Married,Technical Degree,2,30000,1,15,Customer Service,Internal,Completed,299.11,4,5,4
EMP0468,09-Mar-20,13-Jul-62,64,6,11-Oct-22,12-Jan-25,Research & Development,Laboratory Technician,No,Rarely,No,Male,Married,Medical,4,102370,5,10,Project Management,Internal,Passed,236.12,2,3,4
EMP0469,04-Aug-23,20-Dec-03,23,2,21-Sep-25,15-Jul-24,Sales,Sales Manager,No,Rarely,Yes,Male,Divorced,Technical Degree,3,37123,4,1,Project Management,Internal,Failed,230.1,3,3,2
EMP0470,05-Jun-18,19-Aug-92,34,8,16-Feb-24,04-Apr-25,Human Resources,HR Manager,Yes,Rarely,Yes,Male,Married,Life Sciences,3,68682,3,22,Communication Skills,External,Passed,517.55,3,3,3
EMP0471,19-Oct-19,01-Jul-77,49,6,29-Nov-20,01-Sep-25,Sales,Area Sales Manager,No,Rarely,Yes,Male,Single,Technical Degree,2,66381,3,20,Leadership Development,Internal,Passed,321.85,2,2,3
EMP0472,10-Jun-16,09-Apr-91,35,10,24-Dec-19,17-Apr-26,Human Resources,HR Generalist,No,Rarely,No,Female,Married,Human Resources,5,30000,5,15,Project Management,Internal,Passed,560.22,5,3,1
EMP0473,21-Apr-24,04-Oct-00,26,2,30-Aug-25,08-Apr-26,Sales,Sales Executive,No,Travel,No,Female,Single,Other,4,59653,6,24,Leadership Development,Internal,Passed,446.37,4,4,3
EMP0474,22-Feb-24,12-Mar-70,56,2,25-Oct-25,26-May-25,Research & Development,Manufacturing Director,No,Frequently,Yes,Female,Married,Medical,4,73968,7,1,Leadership Development,External,Failed,289.8,3,4,3
EMP0475,03-Jun-22,15-Apr-84,42,4,26-May-25,23-Jun-25,Research & Development,Research Scientist,No,Rarely,Yes,Male,Divorced,Life Sciences,4,72086,2,25,Leadership Development,External,Passed,776.07,3,5,3
EMP0476,13-Jun-25,22-May-97,29,0,28-Jul-25,05-Mar-25,Human Resources,HR Generalist,No,Frequently,No,Male,Married,Technical Degree,4,83070,6,22,Leadership Development,Internal,Passed,235.33,4,2,4
EMP0477,29-Apr-24,21-Sep-73,53,2,05-Nov-24,30-Jan-25,Sales,Sales Manager,Yes,Rarely,Yes,Male,Married,Human Resources,3,57250,3,16,Customer Service,Internal,Completed,819.01,3,1,4
EMP0478,25-May-16,13-Oct-84,42,10,17-Aug-18,14-Jan-25,Research & Development,Research Director,No,Rarely,Yes,Female,Single,Human Resources,4,79250,2,18,Customer Service,Internal,Completed,605.3,2,5,1
EMP0479,22-Aug-19,19-Jul-65,61,6,02-Apr-25,19-Dec-24,Human Resources,Healthcare Representative,No,Rarely,Yes,Male,Married,Life Sciences,2,51213,3,24,Communication Skills,External,Completed,848.83,3,1,3
EMP0480,03-Jun-24,12-Jun-97,29,2,14-Sep-25,06-Feb-26,Research & Development,Laboratory Technician,No,Rarely,No,Male,Single,Medical,2,36790,7,5,Customer Service,Internal,Incomplete,104.28,5,5,1
EMP0481,26-Sep-23,06-Oct-75,51,2,22-Apr-25,15-Feb-25,Research & Development,Laboratory Technician,No,Rarely,No,Female,Single,Technical Degree,4,39045,3,21,Project Management,External,Passed,774.27,1,5,3
EMP0482,10-Jun-15,26-Dec-61,65,11,29-Oct-25,15-Jun-24,Research & Development,Research Director,No,Rarely,No,Male,Married,Medical,3,35757,3,5,Customer Service,External,Passed,146.36,3,5,3
EMP0483,14-Jul-23,19-Oct-85,41,2,27-Aug-23,14-Dec-24,Research & Development,Research Scientist,Yes,Rarely,Yes,Female,Single,Other,3,85191,4,23,Project Management,External,Passed,955.09,5,3,4
EMP0484,12-Sep-25,05-Nov-99,27,0,02-Oct-25,17-Jul-24,Research & Development,Research Scientist,No,Travel,No,Male,Married,Marketing,4,34708,2,23,Project Management,Internal,Incomplete,732.47,1,2,3
EMP0485,18-Feb-15,08-Feb-84,42,11,05-Sep-20,13-Dec-24,Research & Development,Laboratory Technician,No,Rarely,No,Female,Married,Human Resources,4,70480,4,10,Leadership Development,Internal,Completed,388.16,5,4,3
EMP0486,21-Nov-22,06-Feb-85,41,3,09-Nov-25,16-Aug-25,Human Resources,HR Manager,No,Rarely,No,Male,Widowed,Technical Degree,4,59681,2,27,Communication Skills,External,Passed,387.87,3,4,4
EMP0487,12-Sep-21,05-Dec-81,45,4,29-May-23,06-Mar-25,Sales,Sales Executive,No,Rarely,No,Male,Married,Human Resources,4,62947,7,23,Leadership Development,External,Passed,875.34,2,2,4
EMP0488,30-Sep-23,14-Jul-72,54,2,05-Sep-24,14-Sep-24,Sales,Sales Manager,No,Frequently,No,Male,Single,Medical,4,92272,7,12,Leadership Development,Internal,Failed,912.56,1,4,4
EMP0489,25-May-24,19-Mar-66,60,2,08-Oct-25,31-May-25,Human Resources,Recruiter,No,Rarely,Yes,Male,Single,Human Resources,4,56231,4,10,Customer Service,External,Passed,902.42,1,3,5
EMP0490,12-Dec-19,06-Jul-80,46,6,10-May-24,22-Jul-24,Research & Development,Laboratory Technician,Yes,Rarely,Yes,Male,Married,Medical,3,77232,4,2,Customer Service,External,Failed,827.87,2,4,3
EMP0491,13-Dec-25,18-Nov-73,53,0,22-Jan-26,02-Jul-24,Research & Development,Research Director,No,Rarely,No,Male,Married,Technical Degree,3,65751,4,24,Project Management,Internal,Incomplete,837.13,1,5,5
EMP0492,03-Dec-19,18-Mar-63,63,6,16-Feb-20,05-Apr-26,Research & Development,Research Scientist,No,Rarely,No,Male,Married,Medical,4,61959,7,1,Customer Service,Internal,Failed,615.49,3,2,5
EMP0493,13-Feb-21,10-Aug-94,32,5,24-Jan-23,01-Dec-25,Sales,Sales Executive,Yes,Frequently,No,Female,Married,Marketing,3,110999,7,16,Customer Service,External,Incomplete,125.41,1,3,3
EMP0494,10-Oct-24,11-Mar-96,30,1,05-Oct-25,28-Feb-25,Sales,Sales Executive,Yes,Rarely,No,Male,Single,Medical,5,36173,5,29,Technical Skills,Internal,Passed,178.1,4,1,5
EMP0495,22-Nov-25,02-Oct-76,50,0,20-Feb-26,14-Mar-26,Research & Development,Research Director,No,Rarely,Yes,Female,Married,Medical,5,90782,4,18,Project Management,External,Failed,684.6,5,2,4
EMP0496,26-Aug-15,16-Jan-82,44,10,29-Aug-22,21-Mar-26,Research & Development,Research Scientist,No,Travel,No,Female,Married,Other,3,78128,6,27,Project Management,Internal,Incomplete,461.05,5,2,5
EMP0497,21-Sep-23,27-Apr-96,30,2,26-Jul-24,07-May-25,Research & Development,Laboratory Technician,No,Rarely,No,Male,Single,Life Sciences,1,55409,6,7,Technical Skills,Internal,Failed,610.58,4,3,4
EMP0498,16-Jul-22,17-Sep-80,46,3,11-Nov-23,10-Dec-25,Sales,Sales Manager,Yes,Rarely,No,Male,Single,Human Resources,1,97586,3,4,Project Management,External,Failed,307.97,5,3,4
EMP0499,26-Jan-24,14-Aug-63,63,2,22-Jun-25,20-Aug-25,Human Resources,Recruiter,No,Rarely,No,Female,Single,Other,3,30000,1,27,Communication Skills,Internal,Completed,684.48,1,5,1
EMP0500,14-Sep-18,14-Aug-61,65,7,17-Oct-21,25-Mar-26,Human Resources,Healthcare Representative,No,Travel,No,Male,Single,Life Sciences,2,54564,4,10,Communication Skills,Internal,Incomplete,318.55,2,5,4
EMP0501,25-Jun-25,06-Aug-76,50,0,26-Jul-25,20-Feb-26,Research & Development,Research Director,No,Rarely,Yes,Male,Married,Technical Degree,4,40830,1,10,Technical Skills,Internal,Passed,514.73,3,3,3
EMP0502,11-Nov-17,01-Oct-99,27,8,17-Nov-24,25-Dec-25,Research & Development,Research Scientist,No,Rarely,No,Male,Single,Medical,5,73241,1,25,Customer Service,External,Passed,530.85,4,2,3
EMP0503,09-Aug-15,02-May-90,36,10,29-Jun-18,02-Sep-25,Sales,Sales Representative,No,Rarely,Yes,Female,Single,Life Sciences,4,42738,3,11,Communication Skills,External,Passed,259.9,5,3,5
EMP0504,02-Nov-23,18-Apr-87,39,2,19-Apr-26,17-Feb-26,Research & Development,Research Scientist,No,Rarely,No,Male,Single,Marketing,3,73661,1,25,Technical Skills,Internal,Incomplete,888.59,4,4,2
EMP0505,11-Aug-15,25-Mar-86,40,10,13-Dec-19,28-Jun-24,Research & Development,Research Scientist,No,Rarely,No,Female,Widowed,Other,3,61271,7,3,Communication Skills,Internal,Incomplete,573.24,3,4,4
EMP0506,18-Nov-16,24-Oct-75,51,9,07-Jan-26,11-Jan-26,Sales,Sales Executive,No,Rarely,No,Male,Divorced,Life Sciences,4,55412,1,29,Leadership Development,External,Passed,880.11,4,5,3
EMP0507,12-Aug-24,17-Sep-73,53,1,11-Sep-24,19-Jan-25,Human Resources,Recruiter,No,Travel,No,Female,Single,Technical Degree,5,72772,7,14,Technical Skills,Internal,Passed,336.28,2,1,1
EMP0508,16-Jan-18,04-Oct-97,29,8,07-Apr-24,08-Jan-26,Research & Development,Research Scientist,No,Rarely,No,Female,Single,Technical Degree,5,59627,7,13,Project Management,Internal,Incomplete,255.1,3,4,4
EMP0509,10-May-25,27-Sep-87,39,1,30-Sep-25,14-Nov-25,Human Resources,HR Manager,No,Rarely,No,Male,Single,Other,5,43227,6,19,Communication Skills,Internal,Passed,116.21,4,4,3
EMP0510,28-Jan-19,27-Sep-81,45,7,08-Aug-21,25-Dec-24,Research & Development,Research Scientist,Yes,Rarely,Yes,Male,Married,Life Sciences,4,121027,7,25,Project Management,External,Passed,184.48,2,5,5
EMP0511,16-Feb-16,15-Dec-02,24,10,29-Oct-17,07-Sep-24,Research & Development,Laboratory Technician,No,Rarely,No,Female,Single,Technical Degree,4,55256,1,29,Technical Skills,Internal,Passed,232.72,1,4,3
EMP0512,01-Nov-20,14-Apr-70,56,5,31-Aug-24,19-May-26,Research & Development,Research Scientist,Yes,Frequently,No,Female,Married,Technical Degree,2,30000,2,10,Communication Skills,External,Passed,170.97,4,3,3
EMP0513,03-Jul-23,27-Dec-98,28,2,14-Sep-25,15-Aug-25,Human Resources,HR Manager,No,Rarely,No,Male,Married,Technical Degree,4,48158,4,15,Project Management,External,Completed,907.19,4,4,1
EMP0514,05-May-22,10-Apr-63,63,4,09-Jan-26,11-Apr-25,Research & Development,Manufacturing Director,No,Rarely,Yes,Female,Divorced,Other,3,39654,4,28,Customer Service,External,Failed,920.29,3,5,3
EMP0515,30-Sep-19,09-Aug-02,24,6,14-Apr-21,13-Jul-24,Sales,Area Sales Manager,Yes,Rarely,No,Male,Single,Human Resources,4,81522,1,8,Customer Service,External,Failed,943.63,3,3,1
EMP0516,13-Mar-25,15-Feb-82,44,1,26-Apr-25,04-Dec-24,Sales,Sales Representative,No,Rarely,No,Female,Divorced,Life Sciences,4,71433,3,17,Leadership Development,Internal,Incomplete,963.87,5,2,4
EMP0517,01-May-22,07-Apr-97,29,4,03-Jun-26,27-Jan-26,Research & Development,Research Director,No,Rarely,No,Female,Married,Marketing,3,72974,2,6,Technical Skills,External,Passed,542.65,3,3,4
EMP0518,27-Jul-22,12-Dec-67,59,3,16-Sep-24,11-Feb-25,Research & Development,Research Scientist,No,Rarely,Yes,Female,Single,Marketing,2,57599,3,7,Project Management,External,Passed,577.02,2,3,2
EMP0519,03-Jul-23,14-Nov-65,61,2,03-Jun-26,21-Jun-25,Human Resources,Healthcare Representative,No,Frequently,No,Male,Married,Medical,1,59412,3,14,Leadership Development,External,Incomplete,217.75,3,3,3
EMP0520,29-Mar-21,05-Oct-94,32,5,15-Jan-25,07-Apr-25,Sales,Sales Manager,No,Travel,No,Female,Single,Marketing,1,57581,1,27,Technical Skills,Internal,Completed,223.35,4,5,5
EMP0521,15-Jun-24,26-Apr-91,35,1,04-Mar-26,14-Mar-25,Research & Development,Research Director,Yes,Rarely,Yes,Female,Single,Marketing,1,63376,5,8,Customer Service,Internal,Passed,795.48,1,4,4
EMP0522,28-Aug-20,12-Oct-01,25,5,17-Mar-23,20-Aug-24,Research & Development,Research Scientist,No,Travel,No,Male,Single,Marketing,2,81706,1,12,Project Management,External,Passed,870.16,3,4,4
EMP0523,01-Nov-16,20-May-70,56,9,07-Jul-21,21-May-26,Human Resources,Healthcare Representative,No,Rarely,No,Male,Married,Other,3,71721,6,28,Communication Skills,Internal,Passed,806.24,3,4,4
EMP0524,19-Jul-25,11-Mar-70,56,0,19-Nov-25,17-Aug-25,Research & Development,Manufacturing Director,No,Rarely,No,Female,Married,Life Sciences,3,75002,5,18,Customer Service,Internal,Failed,851.12,3,5,4
EMP0525,08-Jun-15,19-May-86,40,11,09-Nov-21,30-Nov-25,Research & Development,Research Director,No,Rarely,Yes,Male,Widowed,Other,5,74991,7,14,Communication Skills,External,Passed,348.91,3,5,4
EMP0526,02-Mar-16,22-Sep-87,39,10,17-Nov-17,08-Apr-26,Research & Development,Research Scientist,No,Rarely,No,Male,Single,Marketing,3,82688,2,1,Communication Skills,External,Failed,519.46,4,4,5
EMP0527,06-Nov-22,25-Mar-98,28,3,28-Mar-25,20-May-26,Research & Development,Laboratory Technician,Yes,Rarely,Yes,Female,Widowed,Technical Degree,2,70763,5,4,Project Management,Internal,Passed,513.28,5,4,3
EMP0528,11-Jan-20,09-Jan-78,48,6,13-Jul-23,17-Oct-25,Sales,Sales Executive,Yes,Rarely,Yes,Female,Single,Human Resources,4,72176,1,17,Project Management,External,Completed,995.76,5,3,2
EMP0529,16-Jul-16,23-Mar-63,63,9,30-Apr-23,26-Dec-24,Sales,Area Sales Manager,No,Rarely,No,Male,Married,Marketing,5,88776,1,18,Communication Skills,External,Passed,954.26,4,3,3
EMP0530,26-Nov-15,05-Apr-96,30,10,05-Aug-19,20-Aug-24,Research & Development,Laboratory Technician,No,Rarely,Yes,Male,Single,Marketing,4,51699,3,19,Leadership Development,External,Failed,638.64,4,3,5
EMP0531,12-Sep-15,25-Apr-84,42,10,24-Sep-20,03-Jul-25,Research & Development,Manufacturing Director,Yes,Rarely,Yes,Male,Single,Marketing,3,47885,1,4,Communication Skills,External,Passed,224.18,5,3,2
EMP0532,18-Jul-20,16-Jul-61,65,5,08-Jan-22,16-Apr-25,Human Resources,Healthcare Representative,No,Frequently,No,Female,Divorced,Marketing,4,41281,7,28,Communication Skills,External,Passed,332.74,5,4,4
EMP0533,22-Jun-19,21-Oct-95,31,6,15-Oct-21,27-Oct-24,Human Resources,Healthcare Representative,No,Rarely,No,Female,Single,Other,4,68658,6,28,Project Management,External,Completed,427.39,5,4,4
EMP0534,16-Jun-15,14-Nov-87,39,10,09-Oct-22,25-Jun-25,Research & Development,Laboratory Technician,No,Rarely,Yes,Male,Married,Human Resources,4,30000,1,6,Technical Skills,External,Completed,885.89,2,3,4
EMP0535,02-Jun-18,03-Aug-80,46,8,21-Dec-19,09-Aug-24,Research & Development,Manufacturing Director,No,Rarely,Yes,Female,Married,Life Sciences,4,74243,4,8,Customer Service,External,Completed,253.57,1,5,3
EMP0536,08-May-20,13-Feb-64,62,6,03-Jun-26,19-Aug-24,Human Resources,HR Generalist,No,Rarely,No,Male,Married,Life Sciences,5,62816,4,25,Project Management,Internal,Completed,297.77,5,3,3
EMP0537,31-Oct-17,09-Dec-72,54,8,02-Jul-25,12-Jul-25,Research & Development,Research Scientist,No,Frequently,No,Male,Married,Marketing,5,87692,3,15,Leadership Development,Internal,Passed,414.45,5,4,2
EMP0538,15-Aug-25,16-Aug-81,45,0,26-Nov-25,30-Jan-25,Sales,Sales Representative,Yes,Rarely,No,Female,Married,Life Sciences,4,51561,5,20,Customer Service,Internal,Completed,934.22,4,4,3
EMP0539,26-Jul-17,01-Oct-84,42,8,11-Feb-19,12-Oct-24,Research & Development,Manufacturing Director,No,Rarely,No,Male,Single,Technical Degree,4,60933,5,1,Project Management,External,Passed,553.43,5,4,1
EMP0540,21-Nov-19,15-Dec-99,27,6,09-May-23,30-Jul-24,Sales,Sales Representative,No,Frequently,Yes,Male,Married,Life Sciences,4,87444,4,5,Project Management,External,Passed,682.15,4,3,4
EMP0541,06-Jun-25,23-Nov-64,62,1,24-May-26,28-Jun-24,Human Resources,Recruiter,No,Rarely,No,Male,Divorced,Technical Degree,5,92662,6,16,Technical Skills,Internal,Completed,448.5,4,4,5
EMP0542,30-Sep-20,26-Feb-82,44,5,06-Apr-22,16-Dec-24,Research & Development,Laboratory Technician,No,Rarely,No,Female,Single,Life Sciences,1,51396,2,21,Leadership Development,Internal,Incomplete,269.67,3,2,4
EMP0543,10-Apr-23,07-Jul-70,56,3,06-Sep-25,27-Nov-24,Sales,Sales Representative,No,Rarely,No,Female,Single,Medical,5,68635,7,25,Leadership Development,Internal,Completed,300.52,4,4,4
EMP0544,06-Oct-18,16-Apr-77,49,7,22-May-20,13-Mar-25,Research & Development,Laboratory Technician,No,Travel,No,Male,Married,Technical Degree,3,70888,7,6,Project Management,Internal,Completed,822.4,4,3,4
EMP0545,27-Jul-17,27-Jun-87,39,8,04-Dec-24,28-Feb-25,Research & Development,Research Scientist,No,Rarely,No,Female,Married,Marketing,4,72473,7,21,Technical Skills,Internal,Incomplete,904.13,5,4,3
EMP0546,03-Sep-18,18-Jun-86,40,7,02-Jan-25,04-Aug-25,Research & Development,Research Scientist,No,Rarely,No,Male,Married,Other,5,59748,6,10,Project Management,Internal,Passed,543.77,3,3,1
EMP0547,23-Dec-21,19-Mar-68,58,4,11-Nov-22,08-Nov-24,Sales,Sales Representative,Yes,Rarely,Yes,Female,Single,Other,3,90627,4,10,Communication Skills,External,Incomplete,421.3,5,4,3
EMP0548,04-Jun-17,22-Jun-73,53,9,25-Dec-20,27-Jan-26,Research & Development,Manufacturing Director,No,Rarely,No,Male,Married,Marketing,4,30000,7,5,Communication Skills,Internal,Failed,827.05,5,3,4
EMP0549,30-Jul-15,04-Jan-01,25,10,02-May-16,02-Aug-25,Research & Development,Research Scientist,No,Rarely,No,Female,Single,Life Sciences,2,56577,6,8,Technical Skills,External,Completed,705.79,1,5,5
EMP0550,30-Dec-21,01-Aug-64,62,4,13-Feb-25,18-Dec-25,Research & Development,Manufacturing Director,No,Rarely,Yes,Male,Married,Human Resources,3,73958,2,27,Project Management,External,Completed,136.79,1,5,4
EMP0551,02-Jun-23,15-Mar-97,29,3,28-May-26,18-Sep-25,Research & Development,Research Scientist,No,Rarely,No,Female,Married,Other,3,74144,5,1,Technical Skills,External,Failed,415.67,4,3,3
EMP0552,24-Nov-23,14-Jan-75,51,2,29-Nov-25,22-Oct-25,Research & Development,Research Scientist,No,Travel,Yes,Male,Single,Human Resources,3,92055,4,5,Project Management,Internal,Completed,713.96,3,3,4
EMP0553,13-Jun-19,05-Dec-92,34,7,09-Oct-20,01-Feb-25,Research & Development,Research Scientist,No,Frequently,No,Female,Married,Life Sciences,3,88964,1,1,Project Management,External,Passed,616.31,4,4,4
EMP0554,14-Sep-16,06-May-63,63,9,08-Oct-18,27-May-25,Research & Development,Laboratory Technician,No,Rarely,No,Male,Widowed,Other,5,59289,7,7,Communication Skills,External,Incomplete,980.26,2,2,4
EMP0555,12-Jun-20,21-Feb-87,39,6,03-Jan-24,20-Aug-25,Research & Development,Manufacturing Director,No,Frequently,No,Female,Married,Medical,5,90997,2,15,Customer Service,Internal,Passed,879.5,3,2,4
EMP0556,14-Apr-17,03-May-81,45,9,01-Dec-18,24-Apr-26,Research & Development,Manufacturing Director,No,Rarely,Yes,Male,Divorced,Human Resources,2,50719,2,23,Leadership Development,Internal,Passed,153.76,2,2,4
EMP0557,06-Oct-21,21-Nov-81,45,4,03-Nov-25,11-Jan-26,Sales,Sales Representative,No,Rarely,No,Male,Married,Other,4,83617,2,29,Leadership Development,Internal,Passed,753.19,3,4,4
EMP0558,18-Sep-17,13-Jan-94,32,8,16-Jan-18,15-Jun-25,Sales,Sales Representative,Yes,Rarely,No,Female,Married,Medical,2,101210,5,26,Technical Skills,External,Passed,402.69,1,2,4
EMP0559,03-Dec-15,24-May-64,62,10,03-Jul-24,24-Aug-25,Research & Development,Laboratory Technician,No,Frequently,No,Male,Single,Other,1,89298,6,24,Leadership Development,External,Passed,713.87,5,3,5
EMP0560,15-Oct-22,21-Jul-90,36,3,28-Jul-24,02-Mar-25,Research & Development,Laboratory Technician,No,Frequently,No,Female,Single,Medical,2,67115,3,14,Communication Skills,Internal,Passed,655.5,3,4,4
EMP0561,10-Aug-24,04-Dec-99,27,1,07-Oct-25,23-Dec-25,Research & Development,Laboratory Technician,No,Rarely,Yes,Male,Single,Other,5,58364,7,23,Customer Service,Internal,Failed,552.75,5,1,4
EMP0562,24-Apr-23,16-Apr-04,22,3,13-Aug-25,16-Sep-24,Sales,Area Sales Manager,No,Travel,No,Male,Married,Medical,5,34428,1,27,Project Management,External,Failed,867.65,5,2,4
EMP0563,18-Jul-16,19-Mar-00,26,9,12-Dec-19,29-Dec-25,Sales,Area Sales Manager,No,Rarely,No,Female,Divorced,Other,3,71210,7,9,Project Management,External,Passed,737.82,5,5,5
EMP0564,07-May-26,22-Sep-90,36,0,04-Jun-26,13-Jun-24,Sales,Area Sales Manager,Yes,Frequently,Yes,Female,Single,Life Sciences,3,42695,4,8,Communication Skills,External,Passed,900.6,3,4,4
EMP0565,27-Aug-22,01-Jan-76,50,3,23-Mar-26,10-Dec-24,Research & Development,Research Scientist,No,Travel,Yes,Female,Married,Human Resources,3,49137,6,8,Leadership Development,External,Incomplete,353.44,4,3,4
EMP0566,14-Apr-15,28-Feb-83,43,11,30-Sep-25,23-Aug-25,Research & Development,Manufacturing Director,No,Rarely,Yes,Male,Married,Technical Degree,4,41185,2,3,Project Management,External,Passed,413.31,2,1,3
EMP0567,03-Jun-24,05-Dec-77,49,2,10-Mar-25,07-Dec-25,Research & Development,Research Director,No,Frequently,Yes,Female,Married,Marketing,4,55792,7,26,Leadership Development,External,Passed,659.76,1,4,5
EMP0568,29-Dec-25,08-Feb-74,52,0,05-Feb-26,14-Dec-25,Research & Development,Research Director,Yes,Rarely,Yes,Male,Married,Medical,3,64440,5,20,Communication Skills,Internal,Passed,969.82,5,3,4
EMP0569,14-May-17,24-Feb-80,46,9,07-Feb-26,16-Jun-24,Human Resources,Recruiter,Yes,Rarely,No,Male,Married,Human Resources,4,70472,2,4,Project Management,Internal,Passed,434.42,1,5,4
EMP0570,21-Sep-24,11-Feb-98,28,1,01-Apr-25,02-Jul-24,Sales,Area Sales Manager,No,Rarely,No,Male,Single,Life Sciences,3,52989,6,17,Technical Skills,External,Completed,129.06,5,4,5
EMP0571,15-Feb-23,05-May-81,45,3,21-Sep-23,29-Jul-24,Research & Development,Research Director,No,Rarely,No,Female,Single,Technical Degree,5,86385,4,6,Customer Service,Internal,Passed,501.3,4,5,5
EMP0572,24-Apr-25,21-Mar-80,46,1,30-Jun-25,05-Jan-26,Research & Development,Laboratory Technician,No,Travel,No,Male,Widowed,Medical,4,60835,1,2,Leadership Development,Internal,Failed,589.54,3,5,5
EMP0573,07-Jun-18,03-Mar-61,65,8,02-Jul-20,28-Dec-25,Research & Development,Manufacturing Director,No,Rarely,No,Male,Single,Other,4,49245,2,9,Leadership Development,External,Passed,820.89,2,4,2
EMP0574,07-Oct-24,01-Oct-71,55,1,02-Nov-24,11-Oct-25,Research & Development,Research Scientist,No,Rarely,No,Male,Single,Life Sciences,4,69525,7,14,Leadership Development,External,Completed,755.74,4,4,4
EMP0575,13-Dec-18,06-Nov-65,61,7,23-Oct-25,12-Feb-26,Research & Development,Research Director,No,Frequently,Yes,Female,Divorced,Life Sciences,5,104271,7,1,Leadership Development,External,Completed,968.2,4,5,3
EMP0576,21-Jan-21,24-Jun-76,50,5,07-Jul-24,30-Apr-26,Human Resources,HR Manager,No,Travel,No,Female,Single,Medical,3,71703,5,17,Communication Skills,External,Passed,804.41,4,4,3
EMP0577,04-Nov-25,24-Nov-91,35,0,11-Jan-26,22-Jul-25,Sales,Area Sales Manager,No,Rarely,No,Female,Married,Marketing,3,57742,5,11,Communication Skills,External,Passed,368.77,3,1,5
EMP0578,05-Jun-25,20-Jul-95,31,1,11-Apr-26,31-Oct-24,Human Resources,HR Generalist,Yes,Travel,Yes,Male,Single,Medical,5,34450,3,29,Communication Skills,Internal,Passed,677.24,1,4,5
EMP0579,08-Oct-24,28-Aug-61,65,1,11-May-26,02-Feb-26,Research & Development,Manufacturing Director,No,Rarely,No,Female,Married,Marketing,3,60611,5,26,Communication Skills,External,Completed,705.02,3,2,4
EMP0580,07-Jan-21,04-Feb-91,35,5,14-Jun-24,17-Mar-25,Sales,Sales Representative,Yes,Frequently,Yes,Male,Single,Other,1,69698,3,27,Project Management,Internal,Passed,998.22,3,4,2
EMP0581,25-Mar-22,19-Feb-96,30,4,10-Jul-23,18-Sep-25,Research & Development,Research Director,No,Rarely,No,Female,Single,Human Resources,4,57248,1,6,Communication Skills,Internal,Failed,224.86,1,4,1
EMP0582,04-Jul-20,14-Jun-80,46,5,10-Feb-23,29-May-25,Human Resources,HR Manager,No,Rarely,No,Male,Married,Technical Degree,5,31692,4,29,Project Management,Internal,Passed,272.19,1,5,4
EMP0583,10-Dec-16,08-Mar-84,42,9,13-Jul-19,05-Dec-25,Research & Development,Manufacturing Director,Yes,Rarely,No,Male,Married,Life Sciences,4,47988,3,1,Technical Skills,External,Passed,239.96,3,4,1
EMP0584,03-Apr-21,03-Nov-87,39,5,08-Feb-25,13-Nov-25,Sales,Area Sales Manager,No,Rarely,No,Male,Married,Technical Degree,5,94090,2,28,Communication Skills,Internal,Passed,630.15,4,5,4
EMP0585,09-Feb-25,20-Sep-89,37,1,22-Feb-25,13-Nov-24,Research & Development,Research Scientist,No,Rarely,No,Female,Widowed,Life Sciences,4,93680,6,19,Technical Skills,External,Passed,221.77,4,3,4
EMP0586,20-Jun-20,20-Dec-66,60,5,30-Jun-24,17-Jun-24,Sales,Sales Manager,No,Rarely,No,Female,Single,Human Resources,2,47267,7,16,Communication Skills,Internal,Passed,690.41,2,3,5
EMP0587,03-Jun-25,01-Dec-86,40,1,13-Jul-25,07-May-26,Sales,Sales Representative,No,Rarely,No,Female,Married,Medical,4,78455,2,26,Technical Skills,Internal,Passed,823.4,4,5,3
EMP0588,02-Jul-23,07-May-62,64,2,04-Mar-26,30-Jul-24,Sales,Area Sales Manager,Yes,Travel,Yes,Female,Married,Marketing,4,41428,7,18,Customer Service,External,Failed,489.51,4,4,3
EMP0589,18-Jul-22,17-Oct-71,55,3,18-Apr-23,22-Jul-25,Sales,Sales Representative,No,Rarely,No,Male,Widowed,Marketing,2,93086,4,29,Technical Skills,External,Passed,604.62,4,4,5
EMP0590,24-Aug-15,13-Dec-92,34,10,11-Apr-21,24-Jun-25,Sales,Area Sales Manager,No,Rarely,No,Male,Single,Other,3,69904,5,11,Project Management,Internal,Completed,921.45,4,3,4
EMP0591,01-Feb-26,02-Nov-86,40,0,01-Jun-26,11-Jan-26,Sales,Sales Representative,No,Rarely,No,Male,Married,Life Sciences,1,83992,6,9,Leadership Development,External,Completed,612.61,3,4,2
EMP0592,16-Apr-22,13-Aug-89,37,4,13-Apr-26,26-May-25,Research & Development,Research Director,No,Rarely,Yes,Female,Divorced,Technical Degree,4,30698,2,21,Technical Skills,External,Completed,287.74,2,5,2
EMP0593,29-Jan-19,16-Apr-97,29,7,12-May-26,09-Mar-25,Sales,Sales Manager,No,Frequently,Yes,Male,Single,Life Sciences,5,78552,6,6,Leadership Development,External,Incomplete,408.87,3,3,5
EMP0594,08-Dec-25,03-Oct-64,62,0,13-Mar-26,06-Dec-24,Sales,Sales Representative,No,Frequently,Yes,Male,Divorced,Human Resources,4,64846,3,2,Customer Service,External,Passed,576.86,3,4,4
EMP0595,04-Oct-19,12-Jan-71,55,6,26-Oct-21,27-Dec-25,Research & Development,Research Scientist,No,Rarely,No,Male,Single,Other,5,82038,4,8,Customer Service,Internal,Passed,239.41,4,3,5
EMP0596,16-Dec-22,13-Mar-84,42,3,16-Feb-25,12-Dec-24,Research & Development,Research Director,No,Rarely,Yes,Female,Married,Marketing,2,83297,2,22,Project Management,External,Failed,651.27,5,2,2
EMP0597,17-Oct-20,12-Jul-68,58,5,21-Apr-26,07-Aug-25,Research & Development,Manufacturing Director,No,Frequently,Yes,Male,Widowed,Marketing,5,66315,5,16,Project Management,Internal,Failed,999.32,3,4,4
EMP0598,20-Aug-22,06-Nov-70,56,3,16-Apr-25,07-Feb-26,Sales,Sales Manager,No,Rarely,No,Male,Married,Other,5,52983,6,27,Technical Skills,External,Failed,687.28,4,2,4
EMP0599,09-Apr-21,01-Feb-74,52,5,15-Jan-22,17-May-26,Sales,Area Sales Manager,No,Frequently,No,Male,Married,Technical Degree,3,80593,5,28,Communication Skills,External,Passed,435.17,5,3,3
EMP0600,13-Mar-21,01-Feb-67,59,5,11-Feb-22,23-Apr-25,Sales,Sales Representative,No,Rarely,No,Male,Single,Marketing,5,63796,6,8,Customer Service,External,Failed,398.57,2,4,5
EMP0601,25-Mar-15,02-Apr-88,38,11,25-Jul-19,16-Jan-25,Sales,Sales Representative,No,Frequently,Yes,Female,Widowed,Technical Degree,3,47544,2,8,Leadership Development,Internal,Incomplete,938.44,5,4,4
EMP0602,15-Apr-19,17-Jul-01,25,7,27-Oct-21,14-Jan-26,Sales,Area Sales Manager,No,Rarely,No,Female,Married,Technical Degree,5,46596,4,14,Communication Skills,External,Passed,884.36,1,3,5
EMP0603,02-Dec-16,23-Nov-86,40,9,13-Apr-17,27-Feb-25,Sales,Sales Representative,Yes,Rarely,No,Male,Single,Life Sciences,5,35456,1,1,Customer Service,External,Incomplete,525.12,5,5,5
EMP0604,31-May-20,14-Jul-72,54,6,29-Dec-24,19-Jul-25,Sales,Area Sales Manager,No,Travel,No,Male,Married,Human Resources,4,54794,2,7,Technical Skills,External,Passed,418.07,2,3,3
EMP0605,12-Feb-24,21-Feb-79,47,2,04-Apr-26,03-Jan-26,Sales,Sales Executive,Yes,Rarely,Yes,Female,Married,Marketing,4,87053,5,2,Customer Service,External,Passed,739.42,3,5,4
EMP0606,16-Dec-25,20-Sep-70,56,0,19-Dec-25,07-Jun-26,Research & Development,Research Director,No,Rarely,No,Male,Single,Life Sciences,2,68556,1,15,Project Management,Internal,Passed,383.05,4,4,4
EMP0607,22-May-20,03-May-95,31,6,01-Jun-23,29-Nov-24,Sales,Sales Executive,No,Rarely,Yes,Male,Single,Human Resources,4,54404,4,27,Leadership Development,External,Failed,207.46,5,3,4
EMP0608,05-Sep-25,17-Feb-85,41,0,04-Apr-26,08-Jan-25,Research & Development,Manufacturing Director,Yes,Rarely,Yes,Male,Single,Marketing,3,81097,5,24,Leadership Development,External,Failed,379.14,3,2,4
EMP0609,03-Jan-26,18-Mar-91,35,0,28-Feb-26,07-Jul-25,Research & Development,Research Director,Yes,Rarely,Yes,Female,Married,Life Sciences,4,48350,4,28,Project Management,Internal,Failed,490.87,4,3,4
EMP0610,19-Jan-25,19-Jul-84,42,1,03-Feb-26,18-Aug-24,Research & Development,Manufacturing Director,No,Rarely,No,Male,Married,Technical Degree,4,66907,6,18,Communication Skills,External,Failed,329.87,4,2,1
EMP0611,22-May-15,22-Nov-64,62,11,30-Nov-22,19-Jun-24,Sales,Sales Manager,No,Rarely,No,Male,Married,Other,5,61407,2,4,Project Management,External,Passed,295.13,2,4,4
EMP0612,01-Feb-17,10-Feb-63,63,9,12-May-19,13-Aug-25,Research & Development,Research Director,No,Rarely,No,Male,Divorced,Other,1,80582,4,18,Leadership Development,External,Passed,105.53,3,3,3
EMP0613,07-Aug-21,28-Dec-77,49,4,05-Nov-25,11-Feb-25,Research & Development,Research Director,No,Frequently,Yes,Male,Divorced,Other,5,33455,5,29,Technical Skills,Internal,Passed,667.76,3,3,3
EMP0614,21-Dec-19,08-Jan-89,37,6,06-Apr-22,19-Aug-25,Sales,Sales Manager,No,Rarely,No,Male,Married,Other,5,47996,2,23,Communication Skills,External,Incomplete,653.0,3,4,5
EMP0615,26-Jan-24,04-Jul-99,27,2,02-Apr-24,01-Nov-24,Research & Development,Manufacturing Director,No,Rarely,No,Male,Single,Life Sciences,4,32235,7,5,Customer Service,Internal,Passed,269.22,4,3,2
EMP0616,16-Jun-20,20-Oct-75,51,5,11-Jun-22,29-Jul-24,Human Resources,HR Generalist,No,Rarely,No,Female,Married,Marketing,2,59808,5,29,Technical Skills,Internal,Incomplete,949.29,5,4,3
EMP0617,13-Nov-21,22-May-01,25,4,30-Apr-24,12-Jan-26,Sales,Sales Manager,No,Rarely,No,Male,Married,Human Resources,2,89228,5,27,Communication Skills,Internal,Passed,468.61,4,2,3
EMP0618,12-Apr-23,06-Dec-62,64,3,09-Jan-26,10-Nov-24,Sales,Sales Executive,No,Rarely,Yes,Male,Married,Marketing,1,54891,7,16,Leadership Development,Internal,Passed,122.93,5,4,4
EMP0619,12-Aug-25,23-Jan-97,29,0,25-Jan-26,16-Mar-25,Research & Development,Research Scientist,No,Rarely,No,Female,Married,Technical Degree,4,54786,7,13,Leadership Development,Internal,Passed,297.79,1,4,3
EMP0620,17-Sep-22,01-Dec-96,30,3,11-Apr-25,30-Jun-25,Research & Development,Research Scientist,No,Rarely,No,Male,Married,Technical Degree,4,82434,1,27,Technical Skills,Internal,Passed,722.86,1,4,4
EMP0621,17-Jul-24,12-Aug-94,32,1,26-Mar-25,06-Jul-24,Sales,Sales Executive,No,Rarely,Yes,Male,Divorced,Marketing,5,86370,3,9,Communication Skills,Internal,Incomplete,281.46,5,1,4
EMP0622,02-Jun-22,26-Sep-71,55,4,24-Oct-24,16-Feb-26,Sales,Sales Executive,No,Rarely,Yes,Male,Single,Other,3,63228,4,5,Customer Service,External,Completed,148.52,5,3,3
EMP0623,22-Nov-22,12-Mar-88,38,3,28-Feb-25,06-Feb-25,Research & Development,Manufacturing Director,No,Rarely,No,Female,Married,Technical Degree,3,78694,4,27,Customer Service,External,Incomplete,655.94,2,2,4
EMP0624,06-Mar-25,25-Dec-96,30,1,07-Apr-26,01-May-26,Research & Development,Manufacturing Director,No,Rarely,No,Male,Single,Marketing,4,43460,1,8,Project Management,External,Completed,566.52,3,2,3
EMP0625,28-Jan-21,04-Dec-87,39,5,23-Apr-21,20-Jan-26,Research & Development,Manufacturing Director,No,Rarely,No,Female,Widowed,Other,5,92559,6,18,Technical Skills,External,Failed,785.14,5,2,4
EMP0626,16-Nov-21,26-Jun-03,23,4,14-Apr-25,17-Jul-24,Research & Development,Laboratory Technician,No,Rarely,No,Female,Single,Marketing,5,107974,4,3,Communication Skills,External,Completed,795.37,2,4,3
EMP0627,21-Aug-20,17-May-77,49,5,26-Nov-24,24-Nov-24,Research & Development,Laboratory Technician,No,Rarely,No,Male,Single,Life Sciences,5,75424,7,6,Technical Skills,External,Failed,963.94,3,4,2
EMP0628,03-Mar-20,23-May-00,26,6,05-Sep-23,12-Feb-26,Research & Development,Research Director,No,Frequently,No,Male,Single,Technical Degree,4,30000,1,11,Customer Service,Internal,Completed,151.32,4,5,2
EMP0629,15-Sep-17,03-Nov-68,58,8,15-Feb-22,31-Jul-25,Sales,Area Sales Manager,No,Rarely,No,Male,Married,Human Resources,4,53835,4,23,Communication Skills,External,Passed,135.09,5,3,3
EMP0630,27-Apr-19,17-Aug-73,53,7,05-Mar-26,17-May-26,Sales,Area Sales Manager,Yes,Rarely,Yes,Female,Single,Human Resources,5,77256,4,14,Leadership Development,External,Failed,988.48,4,4,4
EMP0631,28-Jan-22,16-Jan-81,45,4,28-Mar-26,26-Apr-25,Research & Development,Manufacturing Director,No,Rarely,Yes,Male,Married,Human Resources,4,56570,5,26,Leadership Development,External,Failed,680.36,4,5,1
EMP0632,06-Sep-17,12-Mar-68,58,8,04-Feb-24,17-Sep-24,Research & Development,Research Scientist,No,Rarely,No,Female,Married,Human Resources,3,90443,1,24,Communication Skills,External,Passed,743.83,3,4,3
EMP0633,25-Feb-19,25-May-94,32,7,23-Oct-25,29-Oct-25,Research & Development,Research Director,No,Rarely,No,Male,Single,Medical,3,76763,7,19,Technical Skills,Internal,Failed,186.83,4,4,3
EMP0634,19-Apr-19,22-Oct-98,28,7,23-Apr-25,12-Mar-25,Research & Development,Manufacturing Director,Yes,Rarely,No,Male,Single,Other,1,50870,6,7,Technical Skills,External,Incomplete,162.83,2,5,5
EMP0635,08-Nov-19,24-Apr-97,29,6,28-Sep-25,11-Jun-25,Sales,Area Sales Manager,Yes,Frequently,Yes,Male,Divorced,Other,4,65645,4,24,Leadership Development,External,Failed,244.23,5,5,4
EMP0636,10-Nov-25,02-Jan-72,54,0,23-Apr-26,09-Mar-26,Research & Development,Manufacturing Director,No,Rarely,No,Female,Married,Life Sciences,2,47123,6,10,Leadership Development,Internal,Failed,484.48,3,3,3
EMP0637,15-Mar-21,02-Apr-04,22,5,10-Feb-26,12-Jul-25,Research & Development,Research Scientist,No,Travel,No,Female,Married,Life Sciences,3,61348,3,15,Customer Service,Internal,Passed,199.16,4,4,3
EMP0638,07-May-21,13-Jun-74,52,5,18-Apr-25,16-Apr-26,Sales,Sales Representative,No,Rarely,No,Male,Married,Other,3,53908,1,6,Communication Skills,Internal,Completed,501.7,5,4,5
EMP0639,03-Apr-17,28-Mar-95,31,9,29-Jan-26,27-Sep-24,Sales,Sales Executive,No,Rarely,No,Female,Single,Other,4,88495,1,20,Technical Skills,Internal,Passed,605.38,1,4,3
EMP0640,10-May-19,26-Sep-02,24,7,14-Oct-19,24-Aug-24,Research & Development,Research Director,No,Rarely,No,Male,Single,Other,3,107320,1,29,Customer Service,Internal,Incomplete,100.3,5,5,5
EMP0641,23-Aug-21,08-Jul-63,63,4,24-Jul-24,24-Nov-25,Sales,Sales Executive,No,Rarely,No,Male,Single,Other,4,36376,7,6,Technical Skills,External,Incomplete,202.82,3,3,3
EMP0642,07-Feb-20,14-Apr-84,42,6,29-Apr-21,22-Oct-24,Sales,Sales Manager,No,Rarely,No,Female,Divorced,Technical Degree,2,30000,7,16,Leadership Development,Internal,Incomplete,437.68,3,5,2
EMP0643,04-Feb-23,27-May-84,42,3,16-Aug-25,19-Dec-24,Sales,Sales Representative,No,Rarely,No,Male,Widowed,Technical Degree,2,60096,5,9,Communication Skills,External,Passed,148.0,2,4,4
EMP0644,09-Jan-19,12-Oct-00,26,7,23-Feb-24,27-Oct-25,Sales,Area Sales Manager,No,Rarely,Yes,Male,Married,Technical Degree,4,34631,1,19,Project Management,External,Passed,220.18,5,3,4
EMP0645,12-Oct-21,22-Sep-97,29,4,01-Jun-26,31-Aug-25,Sales,Sales Executive,Yes,Travel,Yes,Female,Single,Life Sciences,3,65924,5,18,Communication Skills,External,Incomplete,308.62,5,4,5
EMP0646,26-Apr-15,08-Mar-01,25,11,27-Feb-25,23-Nov-25,Research & Development,Manufacturing Director,No,Frequently,Yes,Female,Single,Human Resources,3,79978,7,5,Project Management,Internal,Completed,486.64,1,3,5
EMP0647,02-Nov-17,13-Jan-71,55,8,24-Apr-18,19-May-26,Research & Development,Laboratory Technician,No,Rarely,No,Female,Single,Technical Degree,2,94882,3,16,Customer Service,External,Incomplete,743.35,1,2,4
EMP0648,25-Feb-21,28-Aug-00,26,5,27-Jan-26,18-Mar-26,Research & Development,Research Scientist,No,Rarely,No,Male,Married,Technical Degree,5,69027,2,7,Project Management,Internal,Failed,219.42,5,5,4
EMP0649,08-Jan-16,11-May-86,40,10,10-Oct-18,07-Dec-24,Research & Development,Research Scientist,No,Rarely,No,Male,Single,Technical Degree,4,61136,5,19,Project Management,Internal,Failed,764.16,2,3,5
EMP0650,22-Mar-16,15-Sep-99,27,10,14-Jan-22,12-Mar-25,Research & Development,Research Scientist,Yes,Rarely,Yes,Female,Widowed,Marketing,2,30000,4,5,Customer Service,External,Passed,869.55,4,4,4
EMP0651,21-Jul-21,07-Jun-04,22,4,26-Jul-24,18-Jul-24,Sales,Sales Executive,Yes,Rarely,Yes,Female,Married,Life Sciences,2,65523,1,20,Communication Skills,External,Completed,686.33,4,5,3
EMP0652,31-Oct-17,26-Oct-86,40,8,08-Apr-22,24-Jul-24,Research & Development,Research Director,No,Rarely,No,Male,Divorced,Medical,5,66425,2,11,Customer Service,External,Completed,139.35,5,5,3
EMP0653,04-Jan-26,20-Dec-85,41,0,14-Jan-26,14-Mar-26,Research & Development,Laboratory Technician,Yes,Rarely,Yes,Male,Married,Life Sciences,4,77779,5,23,Leadership Development,Internal,Passed,496.59,4,5,3
EMP0654,20-Apr-17,12-Aug-89,37,9,22-Jul-23,03-Jan-25,Research & Development,Research Director,No,Rarely,No,Male,Married,Life Sciences,4,50830,6,18,Leadership Development,Internal,Passed,694.06,3,4,5
EMP0655,11-Apr-15,25-Aug-67,59,11,14-Aug-19,04-May-25,Research & Development,Laboratory Technician,No,Travel,Yes,Female,Married,Other,4,56298,7,28,Project Management,Internal,Failed,980.66,5,4,3
EMP0656,18-May-21,18-Dec-92,34,5,09-Apr-24,24-Nov-25,Sales,Sales Executive,Yes,Rarely,Yes,Female,Married,Life Sciences,4,35439,6,27,Customer Service,External,Completed,956.63,2,3,3
EMP0657,12-Jul-25,01-Mar-89,37,0,30-May-26,25-Jan-25,Sales,Sales Representative,No,Travel,No,Male,Married,Medical,4,30000,4,29,Customer Service,Internal,Passed,456.13,3,4,5
EMP0658,26-Sep-25,08-Jan-78,48,0,21-Oct-25,21-Jul-25,Research & Development,Manufacturing Director,No,Rarely,No,Male,Married,Technical Degree,4,42830,2,7,Customer Service,External,Passed,654.34,1,5,1
EMP0659,17-Nov-24,21-Jun-70,56,1,30-May-25,02-Oct-24,Research & Development,Manufacturing Director,No,Rarely,Yes,Female,Married,Technical Degree,4,33593,3,28,Communication Skills,Internal,Passed,901.73,5,4,4
EMP0660,23-Aug-22,01-Jun-04,22,3,10-Apr-24,30-Sep-24,Research & Development,Research Director,No,Rarely,Yes,Male,Widowed,Life Sciences,1,71734,5,18,Technical Skills,Internal,Passed,847.94,4,1,5
EMP0661,19-Feb-19,28-Jul-62,64,7,24-Jan-24,04-Jan-25,Research & Development,Manufacturing Director,No,Rarely,No,Male,Married,Human Resources,5,54637,6,3,Technical Skills,External,Incomplete,531.48,1,2,4
EMP0662,25-Feb-16,07-Feb-85,41,10,12-Aug-20,15-Apr-26,Human Resources,Recruiter,Yes,Rarely,No,Male,Married,Human Resources,4,54235,6,5,Technical Skills,Internal,Completed,335.12,4,5,3
EMP0663,30-Aug-20,14-Apr-71,55,5,29-Jan-24,29-Jul-24,Research & Development,Laboratory Technician,No,Rarely,No,Female,Divorced,Medical,3,45311,5,23,Communication Skills,External,Completed,223.39,3,5,4
EMP0664,18-Sep-25,05-Jan-73,53,0,11-Feb-26,07-Jun-25,Sales,Sales Representative,No,Rarely,No,Male,Single,Medical,5,30000,6,13,Customer Service,External,Completed,539.18,5,4,4
EMP0665,23-Jul-17,02-Feb-87,39,8,24-Sep-22,30-Apr-25,Sales,Sales Representative,No,Rarely,No,Male,Single,Other,5,95166,3,16,Technical Skills,Internal,Passed,750.56,3,4,4
EMP0666,19-Jun-16,14-Sep-90,36,9,01-May-18,11-Jan-26,Sales,Area Sales Manager,No,Rarely,Yes,Male,Married,Human Resources,5,44994,6,22,Customer Service,Internal,Completed,972.79,4,3,1
EMP0667,27-Dec-23,24-Aug-81,45,2,03-Mar-25,31-Mar-25,Sales,Sales Manager,No,Rarely,No,Female,Married,Technical Degree,5,56751,5,12,Project Management,External,Incomplete,875.63,4,4,2
EMP0668,11-Jan-26,04-Oct-99,27,0,27-Mar-26,29-May-25,Sales,Area Sales Manager,No,Rarely,No,Female,Divorced,Life Sciences,5,35902,1,7,Technical Skills,External,Completed,283.82,1,4,4
EMP0669,29-Aug-16,21-Mar-72,54,9,15-Jul-23,12-May-25,Sales,Area Sales Manager,No,Rarely,No,Female,Married,Marketing,3,84438,6,27,Project Management,External,Failed,747.8,5,4,3
EMP0670,15-Mar-16,19-Feb-79,47,10,24-Oct-16,26-May-25,Sales,Area Sales Manager,No,Rarely,No,Male,Married,Technical Degree,5,67868,5,22,Communication Skills,Internal,Completed,360.19,2,3,4
EMP0671,27-May-18,14-Jan-68,58,8,20-Feb-26,30-May-26,Sales,Area Sales Manager,No,Rarely,Yes,Female,Married,Life Sciences,5,48472,1,13,Leadership Development,Internal,Incomplete,715.13,4,3,4
EMP0672,07-May-18,08-Mar-62,64,8,22-Feb-24,24-Aug-25,Research & Development,Laboratory Technician,No,Travel,No,Male,Single,Marketing,3,57155,6,28,Communication Skills,Internal,Passed,699.22,4,3,4
EMP0673,25-Oct-21,28-May-86,40,4,12-Aug-22,23-Jun-25,Sales,Sales Manager,No,Rarely,Yes,Female,Married,Technical Degree,2,98563,6,1,Communication Skills,Internal,Passed,345.19,4,5,5
EMP0674,28-Nov-16,23-Jul-84,42,9,08-Feb-22,17-Jun-25,Research & Development,Laboratory Technician,No,Frequently,No,Male,Divorced,Medical,5,63540,5,15,Communication Skills,External,Incomplete,310.95,1,5,1
EMP0675,26-Jul-20,15-Jun-84,42,5,19-Aug-25,31-Jul-25,Research & Development,Research Director,No,Rarely,Yes,Male,Single,Human Resources,3,61365,4,21,Technical Skills,Internal,Incomplete,193.54,5,5,3
EMP0676,28-Aug-17,03-Apr-87,39,8,02-Sep-18,12-Mar-25,Human Resources,HR Manager,No,Rarely,No,Female,Married,Human Resources,5,46172,4,12,Project Management,External,Failed,145.49,2,5,4
EMP0677,02-May-24,25-Mar-92,34,2,11-May-26,14-Nov-24,Sales,Area Sales Manager,No,Rarely,No,Female,Married,Medical,1,30000,2,17,Technical Skills,Internal,Passed,872.61,4,4,2
EMP0678,23-Jan-20,05-Feb-67,59,6,03-Sep-25,14-Mar-26,Research & Development,Laboratory Technician,No,Rarely,No,Female,Single,Human Resources,1,61799,4,23,Leadership Development,External,Passed,144.86,4,3,4
EMP0679,14-Jul-23,15-Mar-98,28,2,01-Mar-24,03-Nov-25,Human Resources,HR Generalist,No,Rarely,No,Male,Single,Life Sciences,4,71509,3,20,Communication Skills,Internal,Failed,179.87,5,4,5
EMP0680,07-Feb-25,14-Jun-75,51,1,10-May-25,14-Mar-25,Research & Development,Research Scientist,No,Frequently,No,Male,Widowed,Human Resources,3,86991,2,5,Customer Service,Internal,Incomplete,314.97,4,3,5
EMP0681,05-Dec-24,12-Sep-97,29,1,22-Apr-25,12-Apr-25,Research & Development,Research Scientist,No,Rarely,Yes,Female,Married,Life Sciences,4,30000,4,17,Leadership Development,External,Passed,898.89,3,3,4
EMP0682,01-Sep-21,10-Aug-91,35,4,15-Nov-23,15-Mar-25,Sales,Area Sales Manager,No,Rarely,No,Male,Single,Life Sciences,4,42498,1,24,Project Management,Internal,Failed,399.65,5,3,5
EMP0683,13-Aug-24,28-May-75,51,1,10-Oct-25,20-Aug-25,Sales,Sales Manager,Yes,Rarely,Yes,Female,Single,Technical Degree,2,53385,7,15,Leadership Development,External,Incomplete,272.62,2,3,2
EMP0684,06-Nov-21,06-Feb-97,29,4,30-Aug-23,26-Dec-25,Research & Development,Laboratory Technician,No,Travel,No,Female,Married,Marketing,3,64930,5,20,Technical Skills,Internal,Passed,744.0,1,4,4
EMP0685,08-May-16,27-May-61,65,10,28-May-21,03-Apr-25,Human Resources,Healthcare Representative,No,Rarely,No,Female,Married,Other,3,62099,4,19,Customer Service,External,Completed,387.16,5,2,4
EMP0686,23-Mar-17,07-Jan-66,60,9,03-Jul-17,13-Apr-25,Research & Development,Laboratory Technician,No,Rarely,No,Male,Married,Marketing,3,62566,1,1,Technical Skills,External,Passed,400.03,4,2,3
EMP0687,30-Aug-19,03-Mar-84,42,6,31-Aug-21,20-Jan-26,Research & Development,Research Scientist,No,Rarely,No,Female,Single,Medical,4,73161,7,4,Communication Skills,External,Completed,765.08,1,4,1
EMP0688,25-Sep-19,13-Jun-89,37,6,26-Oct-24,18-Oct-24,Sales,Sales Executive,No,Frequently,Yes,Female,Divorced,Technical Degree,4,46934,2,3,Communication Skills,External,Incomplete,326.49,4,4,5
EMP0689,07-Dec-20,22-Jan-72,54,5,29-Mar-24,07-Oct-24,Research & Development,Laboratory Technician,No,Travel,Yes,Female,Married,Marketing,2,83682,5,8,Leadership Development,External,Passed,907.08,2,4,4
EMP0690,27-Oct-16,27-May-85,41,9,23-Oct-24,15-Mar-26,Sales,Area Sales Manager,Yes,Rarely,Yes,Female,Single,Medical,4,73669,4,9,Communication Skills,External,Completed,605.28,1,2,4
EMP0691,10-Jul-18,13-Jan-93,33,7,14-Oct-20,15-Jan-26,Sales,Sales Executive,No,Frequently,No,Male,Married,Technical Degree,2,58603,2,12,Communication Skills,External,Incomplete,584.05,2,3,2
EMP0692,18-May-20,24-Sep-76,50,6,23-Jun-25,11-Nov-25,Research & Development,Manufacturing Director,No,Frequently,Yes,Female,Married,Human Resources,2,97018,4,5,Project Management,External,Incomplete,338.28,4,4,3
EMP0693,24-Nov-18,04-Apr-69,57,7,28-Nov-19,05-Aug-25,Research & Development,Research Scientist,No,Rarely,Yes,Female,Divorced,Other,3,96128,2,9,Project Management,Internal,Failed,851.58,4,4,5
EMP0694,06-Sep-16,26-Feb-75,51,9,27-Jun-19,10-Feb-25,Sales,Area Sales Manager,No,Rarely,No,Male,Widowed,Other,5,83657,4,1,Technical Skills,External,Failed,615.47,4,2,4
EMP0695,06-Jul-18,01-Feb-96,30,7,22-Feb-22,21-Dec-24,Sales,Area Sales Manager,No,Rarely,No,Female,Single,Medical,5,30000,7,23,Technical Skills,External,Passed,239.96,2,5,4
EMP0696,22-Jan-15,05-Apr-01,25,11,26-Sep-18,03-Jul-25,Research & Development,Research Director,Yes,Travel,Yes,Male,Divorced,Human Resources,5,96578,1,11,Project Management,Internal,Passed,285.67,4,3,5
EMP0697,29-Feb-24,12-Jul-92,34,2,05-Mar-26,05-Apr-26,Sales,Sales Executive,No,Rarely,No,Male,Married,Marketing,3,80895,3,7,Leadership Development,Internal,Failed,521.43,3,3,4
EMP0698,07-Feb-25,21-Nov-61,65,1,17-Feb-26,15-Oct-24,Research & Development,Research Scientist,No,Frequently,Yes,Female,Widowed,Technical Degree,3,105128,7,22,Project Management,Internal,Passed,801.68,4,4,4
EMP0699,16-Jul-25,19-Oct-99,27,0,17-Sep-25,23-May-25,Sales,Area Sales Manager,No,Rarely,No,Male,Single,Marketing,4,89749,1,20,Technical Skills,Internal,Completed,945.37,5,3,3
EMP0700,13-Jul-21,01-Feb-88,38,4,15-Jan-22,13-Mar-26,Research & Development,Research Scientist,No,Frequently,No,Female,Married,Other,4,96566,5,29,Customer Service,Internal,Failed,697.15,3,5,3
EMP0701,25-Sep-15,21-Apr-00,26,10,04-Jan-17,05-Jun-26,Research & Development,Research Director,No,Rarely,Yes,Male,Single,Human Resources,5,82573,4,27,Communication Skills,Internal,Incomplete,555.53,4,1,4
EMP0702,11-Mar-20,03-Mar-76,50,6,25-Mar-25,18-Apr-25,Sales,Sales Executive,No,Rarely,Yes,Male,Divorced,Other,2,91973,3,25,Customer Service,Internal,Completed,325.66,5,3,3
EMP0703,18-Jun-21,02-Feb-83,43,4,06-Jan-25,26-Aug-24,Sales,Area Sales Manager,No,Frequently,No,Female,Single,Human Resources,1,104882,7,14,Customer Service,External,Passed,705.58,3,3,4
EMP0704,05-May-21,06-Jan-75,51,5,18-May-23,05-Sep-25,Sales,Sales Executive,No,Frequently,No,Male,Married,Other,4,69331,3,3,Communication Skills,Internal,Failed,984.02,4,4,3
EMP0705,08-Mar-25,27-Jul-68,58,1,20-Apr-25,13-Apr-25,Sales,Sales Manager,No,Frequently,Yes,Male,Single,Human Resources,5,33555,5,27,Project Management,Internal,Completed,528.6,4,1,3
EMP0706,06-Aug-16,01-Aug-79,47,9,21-Jun-22,14-Dec-25,Human Resources,HR Generalist,No,Rarely,No,Male,Single,Marketing,5,58850,5,11,Leadership Development,External,Passed,245.93,2,2,4
EMP0707,27-Mar-20,14-Nov-80,46,6,17-Jul-24,19-Nov-24,Sales,Sales Representative,No,Rarely,No,Male,Married,Medical,4,72798,3,17,Customer Service,External,Passed,193.01,4,3,3
EMP0708,07-Dec-20,07-Jun-93,33,5,03-Jan-25,23-Feb-25,Research & Development,Manufacturing Director,No,Rarely,No,Male,Divorced,Marketing,5,66497,5,18,Leadership Development,External,Incomplete,342.33,4,4,5
EMP0709,09-Jun-19,09-May-93,33,7,04-Mar-25,14-Jun-24,Sales,Sales Representative,No,Rarely,No,Female,Married,Life Sciences,4,40068,5,19,Technical Skills,Internal,Passed,612.5,2,4,3
EMP0710,14-Jul-24,02-Mar-76,50,1,01-Apr-26,07-Nov-24,Research & Development,Research Director,No,Rarely,No,Female,Divorced,Technical Degree,5,32378,4,18,Customer Service,External,Incomplete,952.12,1,4,4
EMP0711,29-Jul-17,20-Oct-65,61,8,14-May-19,22-Jan-26,Research & Development,Laboratory Technician,No,Rarely,No,Male,Single,Technical Degree,5,50176,1,6,Technical Skills,Internal,Incomplete,369.25,5,4,3
EMP0712,16-Jan-20,10-Nov-89,37,6,15-Apr-24,19-Nov-25,Research & Development,Research Scientist,No,Rarely,No,Female,Married,Technical Degree,5,81154,6,29,Project Management,Internal,Failed,374.85,4,3,3
EMP0713,05-May-18,18-Jul-73,53,8,06-Jul-24,03-Dec-25,Research & Development,Research Scientist,No,Travel,No,Male,Married,Other,3,96606,2,15,Customer Service,Internal,Completed,533.06,2,5,3
EMP0714,16-Dec-20,03-Jan-74,52,5,03-Feb-23,17-May-25,Research & Development,Laboratory Technician,No,Rarely,No,Female,Single,Other,3,83331,3,7,Technical Skills,External,Passed,926.69,3,4,5
EMP0715,11-Mar-18,05-Jul-87,39,8,06-Sep-18,19-Aug-25,Sales,Sales Representative,No,Rarely,No,Female,Married,Life Sciences,4,86148,2,5,Technical Skills,External,Incomplete,477.15,4,3,3
EMP0716,07-Aug-16,21-Apr-78,48,9,19-Mar-25,21-Nov-24,Human Resources,Recruiter,No,Rarely,No,Female,Married,Marketing,4,63383,3,5,Project Management,External,Completed,300.91,2,4,5
EMP0717,03-May-16,21-Apr-71,55,10,02-Apr-18,25-Jan-25,Research & Development,Manufacturing Director,No,Rarely,No,Male,Married,Marketing,5,30158,3,7,Leadership Development,Internal,Passed,246.82,1,4,3
EMP0718,21-Sep-18,13-Jan-70,56,7,24-Jun-22,29-Apr-26,Human Resources,Recruiter,No,Rarely,Yes,Male,Married,Marketing,2,55895,1,22,Leadership Development,External,Failed,511.31,4,3,1
EMP0719,24-Nov-21,18-Aug-82,44,4,25-Jan-25,06-Aug-25,Sales,Area Sales Manager,No,Travel,No,Male,Married,Human Resources,3,59824,7,12,Customer Service,Internal,Failed,820.61,4,1,4
EMP0720,22-Jun-21,19-Jun-73,53,4,11-May-26,20-Oct-24,Research & Development,Laboratory Technician,No,Frequently,No,Female,Single,Technical Degree,4,55058,7,8,Project Management,Internal,Passed,362.22,3,2,4
EMP0721,06-Nov-24,13-Jun-72,54,1,08-Apr-25,04-Aug-25,Human Resources,HR Generalist,No,Travel,No,Male,Single,Technical Degree,2,66093,3,25,Customer Service,Internal,Incomplete,561.27,1,5,4
EMP0722,15-Oct-17,01-Mar-87,39,8,10-Aug-19,22-Jan-25,Sales,Sales Manager,Yes,Travel,Yes,Female,Married,Other,3,73828,3,18,Leadership Development,External,Failed,642.71,3,1,3
EMP0723,06-Jul-25,08-Oct-84,42,0,18-Sep-25,16-Nov-24,Sales,Area Sales Manager,No,Rarely,No,Male,Single,Human Resources,3,82060,1,28,Project Management,Internal,Failed,505.42,3,4,2
EMP0724,27-Oct-21,02-May-03,23,4,28-Oct-22,22-Feb-25,Research & Development,Manufacturing Director,No,Rarely,No,Male,Single,Life Sciences,4,59437,5,18,Communication Skills,External,Passed,272.52,3,2,4
EMP0725,11-Jan-24,12-Sep-74,52,2,08-Mar-26,25-Oct-25,Research & Development,Research Director,No,Rarely,No,Female,Married,Human Resources,3,30000,7,17,Project Management,External,Failed,929.57,3,3,5
EMP0726,08-Feb-21,06-Apr-67,59,5,05-Feb-25,15-May-26,Research & Development,Manufacturing Director,Yes,Rarely,No,Male,Married,Marketing,5,55342,6,23,Project Management,Internal,Completed,608.9,2,3,2
EMP0727,23-Mar-26,22-Apr-98,28,0,29-Mar-26,09-Jun-26,Sales,Sales Executive,No,Rarely,Yes,Male,Single,Medical,4,65874,2,11,Communication Skills,External,Failed,756.22,3,1,5
EMP0728,28-Jan-26,18-May-89,37,0,15-May-26,05-Jan-26,Research & Development,Laboratory Technician,Yes,Rarely,Yes,Female,Married,Life Sciences,5,89456,3,15,Technical Skills,Internal,Completed,672.44,5,2,3
EMP0729,26-Oct-24,19-Apr-01,25,1,06-Sep-25,16-Sep-25,Sales,Sales Manager,No,Rarely,No,Male,Married,Marketing,4,53643,1,20,Technical Skills,Internal,Completed,998.24,3,4,4
EMP0730,20-Oct-16,27-Jun-80,46,9,09-Apr-20,08-Aug-25,Sales,Sales Representative,No,Rarely,No,Male,Single,Marketing,3,75250,3,25,Technical Skills,Internal,Passed,510.68,3,4,2
EMP0731,23-Nov-15,08-Mar-93,33,10,30-Jan-24,25-Aug-24,Sales,Sales Executive,No,Rarely,No,Female,Married,Medical,2,70801,7,6,Leadership Development,External,Failed,482.48,3,4,4
EMP0732,09-Sep-24,26-Jun-67,59,1,09-Dec-25,29-Aug-24,Research & Development,Manufacturing Director,No,Rarely,Yes,Female,Married,Technical Degree,1,65878,1,12,Project Management,Internal,Passed,424.13,3,1,2
EMP0733,25-Mar-22,01-Oct-82,44,4,06-Nov-23,13-Feb-25,Research & Development,Research Scientist,No,Rarely,No,Male,Married,Human Resources,4,83610,2,23,Communication Skills,External,Passed,425.47,5,5,1
EMP0734,13-Aug-20,19-Oct-82,44,5,23-Aug-22,04-Feb-26,Research & Development,Research Scientist,No,Rarely,Yes,Male,Married,Medical,2,51783,4,29,Leadership Development,Internal,Passed,348.19,3,5,5
EMP0735,31-Jul-15,07-Oct-95,31,10,23-Nov-16,11-Aug-24,Research & Development,Laboratory Technician,No,Rarely,Yes,Male,Single,Life Sciences,3,53496,7,7,Communication Skills,External,Incomplete,982.57,5,1,4
EMP0736,18-Jan-17,10-Sep-73,53,9,10-Jul-18,30-Jul-24,Research & Development,Laboratory Technician,No,Frequently,Yes,Male,Married,Human Resources,4,64761,5,8,Leadership Development,External,Incomplete,883.7,2,5,4
EMP0737,19-Feb-20,02-Aug-93,33,6,29-May-22,21-Aug-25,Research & Development,Research Scientist,Yes,Rarely,Yes,Male,Married,Life Sciences,3,52197,4,4,Leadership Development,External,Passed,385.01,5,3,2
EMP0738,19-Jun-15,08-Jan-99,27,10,03-Jul-15,10-Apr-25,Research & Development,Research Scientist,No,Rarely,No,Male,Widowed,Other,3,75160,1,3,Leadership Development,External,Passed,374.71,2,4,5
EMP0739,16-Jan-21,01-Apr-66,60,5,14-Jul-24,10-Dec-25,Research & Development,Research Director,No,Frequently,No,Male,Divorced,Technical Degree,4,50736,3,3,Communication Skills,Internal,Passed,193.18,1,3,4
EMP0740,26-Nov-15,01-Aug-71,55,10,26-Jun-24,24-Jan-25,Research & Development,Manufacturing Director,No,Rarely,No,Male,Married,Medical,5,69526,5,10,Customer Service,External,Completed,889.33,2,4,5
EMP0741,06-Dec-18,07-Oct-83,43,7,07-Oct-21,07-Jul-24,Research & Development,Research Director,No,Rarely,Yes,Female,Single,Medical,2,62996,7,24,Leadership Development,External,Failed,434.59,2,4,1
EMP0742,21-Jul-25,23-Jun-96,30,0,27-Jul-25,20-Aug-24,Sales,Sales Executive,No,Rarely,No,Female,Single,Life Sciences,3,69298,2,28,Technical Skills,External,Failed,615.35,4,3,3
EMP0743,01-Dec-24,02-Jun-93,33,1,15-Mar-26,04-Oct-25,Research & Development,Research Director,No,Rarely,No,Female,Single,Medical,5,55805,7,15,Project Management,External,Failed,910.34,3,4,5
EMP0744,28-Mar-21,19-Mar-03,23,5,11-Jan-24,13-May-26,Research & Development,Research Director,No,Frequently,No,Male,Married,Life Sciences,1,58218,6,13,Customer Service,Internal,Completed,467.29,4,4,4
EMP0745,26-Jan-19,28-Feb-95,31,7,29-Aug-24,09-Feb-26,Sales,Sales Manager,Yes,Frequently,Yes,Male,Single,Technical Degree,5,66920,5,19,Customer Service,Internal,Passed,826.18,1,4,5
EMP0746,10-Oct-24,03-Jun-71,55,1,19-Apr-26,01-Sep-25,Research & Development,Research Director,No,Rarely,No,Female,Married,Life Sciences,1,69041,3,8,Communication Skills,Internal,Passed,487.26,3,5,3
EMP0747,11-Jan-26,22-Dec-81,45,0,12-Jan-26,23-Jan-25,Research & Development,Manufacturing Director,No,Rarely,No,Female,Single,Technical Degree,5,64915,4,18,Customer Service,External,Passed,730.85,3,5,4
EMP0748,17-Jan-17,04-Oct-79,47,9,12-Nov-23,04-Apr-26,Research & Development,Manufacturing Director,No,Rarely,No,Male,Widowed,Technical Degree,3,99107,1,5,Communication Skills,External,Failed,488.07,4,5,5
EMP0749,17-Jul-25,11-May-83,43,0,26-Mar-26,06-Oct-24,Human Resources,HR Manager,No,Rarely,No,Female,Single,Medical,5,45185,4,21,Communication Skills,External,Incomplete,453.48,1,5,4
EMP0750,21-Oct-22,24-Mar-96,30,3,20-Feb-24,06-Jun-25,Research & Development,Laboratory Technician,No,Rarely,Yes,Male,Widowed,Life Sciences,3,63715,7,7,Technical Skills,External,Passed,991.64,1,3,4
EMP0751,28-Feb-24,16-Nov-77,49,2,07-Oct-24,24-Oct-24,Sales,Sales Manager,No,Rarely,No,Male,Divorced,Life Sciences,4,33527,5,5,Leadership Development,External,Passed,651.11,3,3,3
EMP0752,23-Jun-22,06-Jun-63,63,3,10-Oct-25,04-Feb-25,Human Resources,HR Manager,No,Rarely,Yes,Male,Married,Life Sciences,2,72441,6,25,Customer Service,External,Incomplete,430.65,5,3,3
EMP0753,15-Mar-22,20-Dec-69,57,4,24-Nov-25,09-Nov-24,Research & Development,Research Scientist,No,Rarely,No,Female,Married,Human Resources,3,42695,3,19,Leadership Development,Internal,Passed,332.04,4,5,3
EMP0754,06-May-17,22-Apr-82,44,9,05-Sep-22,22-Mar-25,Sales,Sales Representative,No,Rarely,No,Female,Married,Medical,4,59433,1,25,Leadership Development,External,Passed,135.79,1,2,4
EMP0755,10-Aug-18,13-Mar-67,59,7,11-Sep-23,20-Sep-25,Sales,Area Sales Manager,No,Rarely,Yes,Male,Married,Human Resources,4,57558,3,17,Leadership Development,External,Incomplete,735.91,2,3,5
EMP0756,25-May-22,23-Dec-85,41,4,10-Sep-24,06-Sep-24,Research & Development,Research Director,No,Rarely,No,Male,Single,Marketing,5,70617,3,19,Communication Skills,External,Completed,434.94,2,2,3
EMP0757,26-Mar-24,06-Mar-86,40,2,21-Jun-25,09-Jul-24,Research & Development,Research Director,No,Frequently,No,Male,Single,Marketing,4,53944,6,4,Leadership Development,Internal,Failed,839.13,3,3,4
EMP0758,10-Feb-26,19-Dec-04,22,0,20-Feb-26,09-Feb-25,Research & Development,Laboratory Technician,Yes,Rarely,Yes,Female,Married,Technical Degree,5,53093,5,22,Customer Service,External,Completed,427.48,4,3,5
EMP0759,19-Jun-21,02-Oct-79,47,4,01-Nov-24,01-Jul-24,Research & Development,Research Director,No,Rarely,No,Male,Married,Human Resources,4,93717,4,26,Communication Skills,External,Completed,436.0,2,4,3
EMP0760,25-Dec-23,11-Oct-93,33,2,30-Aug-25,09-Feb-26,Research & Development,Research Director,Yes,Travel,Yes,Male,Married,Medical,5,70691,3,24,Customer Service,External,Passed,801.26,3,1,5
EMP0761,28-Oct-15,21-Apr-65,61,10,23-Nov-15,25-May-25,Sales,Sales Representative,No,Rarely,No,Male,Single,Life Sciences,5,53778,7,7,Communication Skills,External,Completed,540.52,4,4,5
EMP0762,14-Mar-25,16-Feb-68,58,1,17-Jul-25,03-Jan-25,Sales,Sales Executive,No,Rarely,No,Male,Married,Technical Degree,3,59983,7,24,Project Management,External,Failed,896.41,3,5,1
EMP0763,22-Dec-16,24-Jun-95,31,9,10-Feb-23,30-Oct-24,Sales,Sales Manager,No,Rarely,No,Female,Single,Medical,5,97907,3,22,Project Management,External,Incomplete,631.12,2,4,2
EMP0764,20-Jan-22,12-Apr-00,26,4,12-Aug-23,25-May-26,Research & Development,Manufacturing Director,No,Rarely,No,Female,Single,Marketing,5,60296,3,6,Project Management,Internal,Incomplete,316.58,3,2,2
EMP0765,29-Aug-20,21-Mar-84,42,5,27-Dec-22,19-Sep-25,Sales,Sales Manager,No,Rarely,No,Male,Single,Technical Degree,3,51214,1,14,Project Management,External,Passed,611.44,3,5,4
EMP0766,02-Apr-22,22-Dec-99,27,4,11-Jul-22,27-Dec-25,Research & Development,Research Scientist,No,Rarely,No,Male,Single,Marketing,4,51300,3,22,Communication Skills,External,Failed,103.6,5,4,3
EMP0767,07-Aug-17,11-Dec-64,62,8,03-Sep-19,24-Oct-24,Research & Development,Manufacturing Director,No,Rarely,Yes,Female,Single,Technical Degree,2,54017,7,19,Leadership Development,External,Passed,381.16,4,1,4
EMP0768,25-Jan-24,09-Jan-76,50,2,24-Jun-24,13-Apr-26,Research & Development,Research Scientist,No,Frequently,No,Female,Divorced,Technical Degree,5,53110,3,26,Technical Skills,External,Passed,287.16,2,4,4
EMP0769,10-Jan-15,23-Apr-91,35,11,05-Apr-16,13-Jan-26,Sales,Sales Manager,Yes,Rarely,Yes,Male,Single,Human Resources,3,39407,5,20,Technical Skills,External,Failed,688.77,2,4,5
EMP0770,12-May-25,09-Jun-00,26,1,11-Apr-26,19-Jul-25,Research & Development,Manufacturing Director,No,Rarely,Yes,Female,Married,Human Resources,2,42515,7,11,Project Management,External,Completed,222.43,3,4,5
EMP0771,08-Apr-24,01-Dec-98,28,2,31-Mar-25,24-Feb-25,Sales,Sales Executive,No,Frequently,No,Female,Single,Technical Degree,4,48413,3,22,Leadership Development,External,Failed,361.09,3,1,5
EMP0772,20-Mar-16,15-Jul-01,25,10,17-Aug-16,02-Jul-24,Research & Development,Laboratory Technician,No,Rarely,No,Male,Divorced,Technical Degree,4,76831,6,29,Customer Service,External,Failed,398.18,5,4,3
EMP0773,17-Mar-19,14-Mar-78,48,7,01-Nov-20,24-Jan-26,Sales,Area Sales Manager,No,Frequently,No,Male,Married,Other,5,57375,6,7,Leadership Development,External,Completed,102.96,3,4,3
EMP0774,11-Feb-23,12-Jul-73,53,3,18-Apr-23,11-Jun-25,Research & Development,Manufacturing Director,No,Rarely,Yes,Male,Single,Marketing,5,60856,7,3,Customer Service,External,Completed,142.09,5,3,1
EMP0775,07-Mar-26,04-Jul-70,56,0,31-May-26,26-Dec-25,Research & Development,Research Scientist,Yes,Frequently,Yes,Female,Married,Marketing,4,90401,3,20,Technical Skills,External,Completed,380.01,4,4,4
EMP0776,30-Nov-24,21-Oct-74,52,1,01-Oct-25,18-Apr-26,Sales,Area Sales Manager,No,Rarely,No,Male,Married,Human Resources,2,90900,6,22,Leadership Development,Internal,Passed,300.12,5,3,4
EMP0777,27-Feb-16,06-Apr-61,65,10,14-Nov-19,05-Sep-25,Sales,Sales Representative,No,Frequently,No,Male,Married,Technical Degree,4,59357,5,17,Leadership Development,External,Completed,205.22,4,4,5
EMP0778,26-Jul-19,26-Feb-76,50,6,19-Jul-20,07-Jun-25,Research & Development,Research Director,No,Travel,Yes,Male,Single,Life Sciences,4,52382,1,11,Technical Skills,External,Incomplete,238.75,4,3,5
EMP0779,27-Dec-20,01-May-02,24,5,06-Apr-21,08-Apr-25,Research & Development,Research Scientist,No,Rarely,No,Male,Widowed,Other,4,47711,6,15,Leadership Development,External,Passed,851.98,4,3,3
EMP0780,09-Dec-17,04-May-84,42,8,28-Feb-19,29-Aug-24,Research & Development,Manufacturing Director,No,Rarely,Yes,Female,Married,Life Sciences,3,78855,7,7,Customer Service,External,Failed,714.99,5,5,4
EMP0781,17-Jun-21,06-Jun-00,26,4,18-Oct-23,12-Jun-25,Research & Development,Manufacturing Director,No,Rarely,No,Female,Single,Human Resources,4,60905,6,29,Leadership Development,Internal,Incomplete,535.71,3,4,3
EMP0782,29-Oct-24,24-Mar-80,46,1,29-Apr-25,23-Apr-26,Research & Development,Research Director,No,Rarely,No,Female,Married,Human Resources,3,57270,4,15,Customer Service,Internal,Failed,917.99,5,3,2
EMP0783,14-Nov-25,03-Sep-00,26,0,25-Dec-25,19-Aug-25,Sales,Area Sales Manager,No,Rarely,No,Female,Married,Other,4,48726,5,27,Project Management,External,Failed,126.6,4,3,5
EMP0784,21-Sep-17,20-Oct-83,43,8,04-Apr-25,17-Aug-25,Sales,Area Sales Manager,Yes,Rarely,Yes,Male,Divorced,Life Sciences,4,49606,6,17,Leadership Development,External,Passed,410.44,3,4,5
EMP0785,25-Aug-15,01-Dec-74,52,10,01-Nov-18,16-Dec-24,Sales,Sales Executive,No,Rarely,No,Male,Married,Technical Degree,5,71401,1,11,Customer Service,External,Failed,841.05,5,5,2
EMP0786,14-May-20,06-Nov-77,49,6,10-May-22,26-Aug-24,Human Resources,Recruiter,No,Rarely,Yes,Male,Married,Marketing,4,38691,4,29,Technical Skills,Internal,Failed,665.46,5,4,5
EMP0787,21-Jul-18,06-Jul-66,60,7,29-Aug-23,25-Mar-26,Research & Development,Research Director,No,Rarely,No,Male,Single,Medical,3,84897,7,28,Project Management,External,Passed,983.52,4,4,5
EMP0788,20-Dec-21,11-Feb-01,25,4,03-Mar-26,01-Jan-25,Research & Development,Research Scientist,No,Rarely,No,Female,Divorced,Life Sciences,5,54323,7,29,Leadership Development,External,Failed,950.06,3,5,2
EMP0789,23-Apr-15,14-Apr-91,35,11,19-Oct-21,25-Nov-25,Research & Development,Laboratory Technician,Yes,Rarely,Yes,Male,Married,Technical Degree,4,62007,3,12,Customer Service,Internal,Passed,252.95,5,4,3
EMP0790,25-Feb-24,24-Dec-69,57,2,27-Feb-25,06-Sep-24,Human Resources,HR Manager,No,Rarely,No,Female,Single,Marketing,3,38260,5,13,Leadership Development,Internal,Completed,974.79,4,2,4
EMP0791,02-Feb-17,22-May-70,56,9,28-Jun-17,06-Dec-25,Sales,Area Sales Manager,Yes,Rarely,Yes,Female,Single,Life Sciences,4,64752,6,26,Customer Service,Internal,Incomplete,950.98,4,4,5
EMP0792,15-Jan-20,08-May-86,40,6,30-Jan-21,07-Mar-26,Research & Development,Laboratory Technician,No,Rarely,Yes,Female,Single,Technical Degree,3,58433,3,11,Leadership Development,Internal,Failed,436.25,5,3,3
EMP0793,18-Jul-17,13-Jan-98,28,8,28-Feb-26,06-Oct-24,Research & Development,Research Director,Yes,Rarely,Yes,Male,Widowed,Human Resources,5,63998,5,11,Project Management,Internal,Failed,984.59,2,4,3
EMP0794,08-May-25,27-Sep-68,58,1,08-Oct-25,22-Dec-25,Research & Development,Research Director,No,Rarely,Yes,Male,Single,Human Resources,4,94434,7,25,Project Management,Internal,Failed,132.26,2,1,4
EMP0795,20-Aug-17,02-Mar-73,53,8,03-Apr-21,02-Dec-24,Sales,Sales Manager,No,Rarely,No,Female,Married,Other,4,68553,4,26,Leadership Development,External,Passed,694.68,4,3,4
EMP0796,15-Jun-18,14-Jan-81,45,7,02-Aug-22,16-Jul-25,Research & Development,Laboratory Technician,No,Frequently,No,Female,Single,Marketing,2,49106,6,9,Leadership Development,Internal,Incomplete,339.53,1,3,4
EMP0797,06-Mar-26,27-May-99,27,0,23-Apr-26,23-Jul-25,Human Resources,HR Manager,No,Rarely,Yes,Male,Married,Other,3,50773,7,11,Communication Skills,Internal,Passed,216.52,4,2,2
EMP0798,18-Jul-21,20-Nov-62,64,4,21-Feb-26,10-Jul-24,Research & Development,Manufacturing Director,No,Rarely,No,Female,Married,Other,5,76902,1,25,Leadership Development,Internal,Passed,619.78,2,3,5
EMP0799,31-May-26,04-Apr-74,52,0,01-Jun-26,07-Aug-25,Research & Development,Research Scientist,No,Rarely,No,Male,Widowed,Medical,5,90973,5,4,Leadership Development,External,Failed,375.72,2,4,4
EMP0800,17-Feb-21,06-Apr-03,23,5,20-May-25,07-Sep-25,Human Resources,HR Manager,No,Frequently,No,Male,Married,Life Sciences,3,70638,7,2,Project Management,External,Completed,700.14,3,3,5
EMP0801,26-Apr-24,03-May-64,62,2,07-Jul-25,10-Jul-24,Research & Development,Manufacturing Director,No,Travel,No,Male,Divorced,Marketing,3,78774,7,23,Leadership Development,Internal,Passed,585.98,3,4,5
EMP0802,27-Oct-25,10-Feb-74,52,0,30-May-26,27-Jun-24,Sales,Area Sales Manager,No,Rarely,No,Male,Married,Marketing,3,77194,1,29,Technical Skills,External,Passed,453.33,2,4,5
EMP0803,04-Aug-25,16-Aug-79,47,0,12-May-26,07-Jul-24,Research & Development,Laboratory Technician,No,Rarely,No,Male,Single,Technical Degree,4,93381,3,4,Leadership Development,External,Completed,263.64,1,4,5
EMP0804,19-Jun-20,03-May-62,64,5,11-Mar-21,05-Jun-25,Research & Development,Laboratory Technician,No,Frequently,No,Male,Single,Technical Degree,4,30000,7,14,Communication Skills,Internal,Passed,641.13,3,4,5
EMP0805,30-Mar-25,13-Sep-63,63,1,26-Aug-25,05-Mar-26,Research & Development,Laboratory Technician,No,Rarely,No,Male,Married,Human Resources,4,78344,3,5,Customer Service,External,Passed,846.31,4,2,4
EMP0806,30-Mar-18,13-Jun-93,33,8,10-Jul-23,11-Dec-24,Research & Development,Laboratory Technician,No,Rarely,No,Male,Widowed,Technical Degree,4,84674,4,17,Project Management,External,Passed,640.0,5,3,4
EMP0807,09-Aug-23,15-Mar-81,45,2,10-May-24,26-Oct-24,Human Resources,Recruiter,No,Rarely,No,Female,Divorced,Life Sciences,5,38225,4,27,Technical Skills,Internal,Passed,649.47,1,5,4
EMP0808,11-Apr-19,15-May-02,24,7,22-Aug-20,16-Jun-25,Human Resources,Healthcare Representative,Yes,Rarely,Yes,Male,Single,Other,4,47286,2,12,Customer Service,External,Failed,560.65,4,4,4
EMP0809,26-May-26,08-May-75,51,0,03-Jun-26,15-Jan-26,Research & Development,Research Scientist,Yes,Travel,No,Male,Single,Medical,2,47984,2,26,Technical Skills,External,Completed,449.42,3,4,1
EMP0810,23-Jan-18,02-Oct-87,39,8,02-Oct-21,29-May-26,Sales,Sales Executive,No,Travel,No,Male,Single,Other,4,50424,4,29,Project Management,External,Completed,511.71,3,4,3
EMP0811,25-Jul-16,22-Dec-95,31,9,22-Jun-22,22-Jan-26,Human Resources,Recruiter,No,Frequently,No,Male,Widowed,Life Sciences,5,55365,6,6,Communication Skills,Internal,Passed,990.59,5,1,2
EMP0812,13-Mar-21,22-Feb-98,28,5,08-Jul-23,28-Dec-24,Research & Development,Research Scientist,Yes,Rarely,Yes,Male,Divorced,Other,4,69852,3,12,Project Management,External,Passed,774.7,3,4,3
EMP0813,22-Apr-24,14-Sep-82,44,2,11-Oct-25,27-Aug-25,Sales,Sales Executive,No,Frequently,No,Female,Married,Life Sciences,4,82313,1,15,Technical Skills,External,Passed,487.5,3,1,2
EMP0814,16-Aug-22,18-Apr-67,59,3,19-Oct-23,26-May-25,Human Resources,HR Manager,No,Rarely,No,Male,Married,Medical,4,86626,7,23,Technical Skills,Internal,Passed,511.57,2,5,5
EMP0815,22-May-26,27-Jul-01,25,0,28-May-26,31-Jan-25,Research & Development,Research Scientist,No,Rarely,Yes,Male,Married,Life Sciences,5,48243,7,19,Project Management,Internal,Passed,549.67,5,3,4
EMP0816,28-Dec-20,18-Jul-71,55,5,03-Jun-24,16-Apr-25,Research & Development,Manufacturing Director,No,Frequently,No,Male,Married,Human Resources,4,48105,4,10,Leadership Development,External,Passed,693.38,3,4,3
EMP0817,22-Jan-15,19-Aug-61,65,11,12-May-16,28-Jun-25,Research & Development,Research Director,Yes,Rarely,Yes,Male,Single,Other,3,91316,6,2,Project Management,External,Passed,519.36,4,1,4
EMP0818,06-May-21,10-Aug-89,37,5,15-Dec-21,27-Dec-25,Research & Development,Manufacturing Director,No,Rarely,No,Female,Married,Marketing,5,77934,1,29,Communication Skills,Internal,Failed,717.56,3,5,3
EMP0819,11-Sep-21,28-Jul-99,27,4,24-Nov-24,27-Feb-26,Sales,Sales Manager,No,Rarely,Yes,Male,Single,Other,5,66657,2,12,Project Management,Internal,Passed,396.27,3,5,5
EMP0820,25-Dec-25,19-Sep-02,24,0,04-Jun-26,31-Oct-25,Sales,Sales Manager,No,Frequently,Yes,Female,Single,Technical Degree,3,74466,1,12,Customer Service,External,Passed,469.58,5,2,3
EMP0821,02-May-18,22-Oct-71,55,8,06-Apr-24,04-Jan-26,Research & Development,Research Director,No,Rarely,No,Female,Divorced,Technical Degree,4,64403,4,26,Leadership Development,External,Passed,877.65,1,3,3
EMP0822,06-Jan-25,04-Mar-65,61,1,05-Apr-25,12-Jan-25,Sales,Sales Executive,No,Rarely,No,Male,Married,Human Resources,4,75491,3,7,Customer Service,Internal,Passed,396.02,4,1,5
EMP0823,11-Nov-25,06-Mar-76,50,0,14-Mar-26,28-Oct-25,Sales,Area Sales Manager,No,Rarely,Yes,Female,Married,Medical,2,58278,4,1,Project Management,External,Completed,967.99,4,4,4
EMP0824,28-Sep-22,05-Apr-91,35,3,17-Feb-26,01-Dec-25,Research & Development,Research Director,No,Frequently,No,Male,Married,Marketing,5,70376,7,18,Leadership Development,External,Passed,255.25,2,3,5
EMP0825,16-Jun-22,03-Jul-02,24,3,02-Jun-26,16-Nov-24,Research & Development,Research Scientist,No,Frequently,No,Female,Married,Other,4,34789,7,3,Customer Service,External,Passed,317.51,2,4,4
EMP0826,18-Jun-23,07-Jul-61,65,2,26-Jan-25,21-Sep-24,Human Resources,Recruiter,No,Rarely,Yes,Female,Married,Other,5,51244,5,20,Customer Service,External,Passed,517.31,4,1,3
EMP0827,19-Mar-25,27-Mar-64,62,1,23-Oct-25,05-Jul-24,Sales,Area Sales Manager,No,Rarely,No,Male,Married,Other,3,51459,6,5,Leadership Development,Internal,Passed,817.67,3,4,4
EMP0828,21-Mar-22,11-May-66,60,4,18-Aug-25,20-Dec-24,Sales,Sales Manager,Yes,Rarely,Yes,Male,Married,Other,4,57512,6,20,Leadership Development,External,Completed,758.42,3,4,2
EMP0829,26-Mar-19,13-Feb-00,26,7,12-Oct-22,14-Dec-24,Research & Development,Research Scientist,No,Travel,No,Male,Married,Life Sciences,1,46469,6,15,Technical Skills,External,Incomplete,257.02,1,4,3
EMP0830,10-May-20,18-Jul-69,57,6,08-Apr-23,12-Jun-24,Research & Development,Manufacturing Director,No,Rarely,No,Male,Single,Human Resources,4,54329,5,10,Leadership Development,Internal,Passed,313.02,4,4,3
EMP0831,04-Aug-23,17-May-84,42,2,28-Jul-25,24-Nov-24,Sales,Area Sales Manager,No,Travel,No,Male,Single,Marketing,4,34711,5,19,Project Management,External,Completed,617.74,5,2,5
EMP0832,28-Mar-20,26-Jan-75,51,6,10-Sep-21,22-Jun-24,Research & Development,Laboratory Technician,No,Rarely,No,Female,Married,Other,4,75974,3,1,Communication Skills,Internal,Passed,365.65,5,4,4
EMP0833,19-Mar-24,17-Oct-65,61,2,08-Dec-25,15-Feb-26,Sales,Area Sales Manager,Yes,Frequently,Yes,Female,Single,Marketing,2,63349,6,7,Technical Skills,Internal,Passed,480.09,3,4,3
EMP0834,24-Dec-15,14-Feb-78,48,10,15-Apr-22,10-Apr-25,Sales,Sales Executive,No,Frequently,No,Female,Married,Technical Degree,3,30895,4,28,Leadership Development,External,Passed,537.93,4,4,3
EMP0835,19-Feb-22,19-Mar-95,31,4,01-Dec-24,25-Feb-25,Research & Development,Research Director,No,Rarely,Yes,Male,Single,Technical Degree,2,48303,5,26,Communication Skills,Internal,Incomplete,634.82,2,2,5
EMP0836,10-Aug-25,25-Oct-67,59,0,03-May-26,25-Mar-26,Research & Development,Laboratory Technician,No,Travel,No,Male,Single,Medical,3,71732,4,22,Technical Skills,External,Passed,325.95,2,4,2
EMP0837,21-Jul-23,19-Feb-98,28,2,05-May-26,12-Feb-26,Human Resources,HR Manager,No,Rarely,No,Male,Married,Life Sciences,4,54139,2,18,Project Management,Internal,Incomplete,246.83,5,5,4
EMP0838,29-Aug-23,28-May-98,28,2,14-Jan-25,28-Jan-26,Research & Development,Laboratory Technician,Yes,Rarely,Yes,Male,Widowed,Other,4,51061,6,2,Communication Skills,External,Failed,458.71,4,5,4
EMP0839,31-May-18,14-Jun-70,56,8,05-Jun-20,25-May-26,Research & Development,Research Scientist,No,Rarely,No,Male,Single,Human Resources,4,63508,5,19,Leadership Development,Internal,Passed,173.82,4,4,4
EMP0840,09-Feb-26,21-Jul-88,38,0,02-Jun-26,05-Feb-25,Research & Development,Laboratory Technician,No,Frequently,Yes,Female,Married,Life Sciences,4,71871,5,24,Leadership Development,Internal,Completed,574.09,3,3,3
EMP0841,31-Oct-15,20-Oct-73,53,10,31-Aug-22,20-Jun-25,Sales,Area Sales Manager,No,Rarely,No,Female,Married,Human Resources,3,36272,3,24,Project Management,Internal,Incomplete,855.64,5,3,5
EMP0842,31-Oct-17,06-Jan-74,52,8,10-Jun-20,27-Jul-25,Research & Development,Research Director,No,Rarely,No,Male,Single,Technical Degree,3,76002,4,10,Technical Skills,External,Completed,207.08,5,1,4
EMP0843,07-Apr-26,05-Jul-87,39,0,14-May-26,04-Jul-24,Sales,Sales Representative,No,Rarely,No,Male,Married,Marketing,2,48994,3,15,Communication Skills,Internal,Completed,201.46,3,3,3
EMP0844,12-Jun-22,22-Oct-65,61,4,13-Jul-23,05-Jun-25,Human Resources,Recruiter,No,Rarely,No,Male,Married,Medical,5,64641,3,10,Project Management,Internal,Passed,172.2,2,2,3
EMP0845,02-Apr-17,13-Jan-79,47,9,08-Apr-17,20-Jan-26,Sales,Sales Executive,Yes,Rarely,Yes,Female,Married,Other,4,64291,4,26,Technical Skills,External,Passed,863.08,3,3,3
EMP0846,15-Nov-24,08-Dec-83,43,1,16-Mar-25,16-Mar-25,Research & Development,Laboratory Technician,No,Rarely,No,Male,Divorced,Human Resources,3,54458,2,28,Customer Service,External,Passed,172.63,2,5,3
EMP0847,27-Mar-17,16-Dec-01,25,9,03-Jul-17,08-Oct-24,Sales,Area Sales Manager,No,Frequently,Yes,Female,Single,Technical Degree,3,44526,4,10,Customer Service,External,Failed,985.12,5,5,5
EMP0848,01-Apr-25,01-Jun-87,39,1,25-Nov-25,23-Dec-24,Human Resources,Healthcare Representative,Yes,Rarely,No,Female,Single,Technical Degree,5,59286,2,27,Technical Skills,Internal,Incomplete,422.5,3,5,3
EMP0849,06-May-15,10-May-83,43,11,10-May-22,26-Jun-25,Research & Development,Research Scientist,Yes,Rarely,Yes,Male,Widowed,Life Sciences,4,97506,3,12,Leadership Development,Internal,Completed,395.89,4,2,5
EMP0850,26-Mar-18,28-Aug-87,39,8,22-Jul-19,17-Dec-25,Research & Development,Research Scientist,No,Rarely,No,Female,Married,Marketing,4,37766,2,8,Leadership Development,External,Completed,182.47,4,5,4
EMP0851,12-Mar-24,28-Feb-61,65,2,06-Apr-26,15-Jun-24,Sales,Area Sales Manager,Yes,Rarely,Yes,Male,Married,Life Sciences,4,98846,6,23,Customer Service,External,Passed,627.08,4,2,3
EMP0852,18-Jun-18,10-Mar-90,36,7,14-Oct-20,04-Aug-25,Research & Development,Research Scientist,No,Frequently,No,Female,Married,Medical,3,59805,2,14,Leadership Development,Internal,Completed,627.29,2,4,3
EMP0853,04-Sep-16,09-Jun-76,50,9,23-Aug-25,13-May-26,Sales,Sales Manager,No,Travel,No,Male,Single,Technical Degree,5,65707,2,2,Leadership Development,Internal,Incomplete,544.43,5,4,4
EMP0854,13-Jul-25,21-Oct-78,48,0,24-May-26,10-Feb-26,Research & Development,Research Director,No,Rarely,No,Male,Married,Other,4,43265,5,17,Technical Skills,External,Failed,379.92,2,4,4
EMP0855,11-Dec-20,15-Apr-99,27,5,09-Apr-23,27-Oct-25,Sales,Area Sales Manager,No,Frequently,Yes,Female,Single,Marketing,3,49574,5,6,Technical Skills,Internal,Failed,431.72,4,5,5
EMP0856,05-Aug-22,24-Jul-91,35,3,29-Nov-24,31-Jan-26,Sales,Sales Representative,No,Frequently,Yes,Male,Single,Medical,5,54941,7,27,Leadership Development,External,Completed,388.45,4,3,4
EMP0857,01-Dec-23,28-Sep-73,53,2,16-Jan-24,01-Jul-24,Sales,Sales Executive,No,Frequently,No,Female,Single,Technical Degree,4,44086,3,8,Technical Skills,External,Failed,483.53,2,4,4
EMP0858,19-Oct-16,17-Jan-81,45,9,17-Jul-20,17-Jan-26,Research & Development,Research Director,Yes,Rarely,Yes,Male,Divorced,Other,3,60821,4,1,Communication Skills,External,Incomplete,407.61,5,1,1
EMP0859,15-May-22,10-Feb-94,32,4,30-Apr-24,07-Jul-24,Research & Development,Manufacturing Director,No,Travel,Yes,Female,Single,Human Resources,4,56859,2,3,Customer Service,External,Failed,707.97,3,5,5
EMP0860,11-Jul-23,05-Jul-72,54,2,17-Sep-24,22-Oct-25,Sales,Sales Representative,No,Rarely,No,Female,Married,Other,3,102015,6,15,Communication Skills,Internal,Passed,366.21,4,3,5
EMP0861,07-Feb-22,01-Oct-71,55,4,02-Mar-22,01-Aug-25,Research & Development,Manufacturing Director,No,Rarely,No,Female,Widowed,Technical Degree,2,41680,5,17,Communication Skills,Internal,Failed,415.75,4,4,3
EMP0862,11-Dec-25,27-Apr-93,33,0,23-May-26,03-Feb-26,Research & Development,Laboratory Technician,No,Rarely,No,Female,Married,Human Resources,4,67053,4,26,Leadership Development,External,Passed,491.91,4,4,1
EMP0863,22-Oct-15,08-Jan-92,34,10,23-Jan-18,09-Nov-25,Research & Development,Research Director,No,Rarely,No,Male,Married,Life Sciences,3,69956,6,25,Leadership Development,Internal,Failed,103.57,2,4,4
EMP0864,14-Jul-16,02-Aug-02,24,9,09-Apr-24,29-Jan-26,Research & Development,Manufacturing Director,Yes,Rarely,Yes,Female,Married,Medical,5,43593,2,7,Communication Skills,External,Passed,542.87,4,4,4
EMP0865,07-Apr-20,07-Dec-81,45,6,04-Jun-23,23-Mar-26,Research & Development,Manufacturing Director,No,Rarely,No,Female,Single,Marketing,5,78736,4,14,Communication Skills,External,Incomplete,330.24,4,3,4
EMP0866,12-Jun-21,27-Jun-87,39,5,15-Nov-22,02-Apr-25,Research & Development,Manufacturing Director,No,Rarely,No,Male,Married,Technical Degree,2,57033,7,24,Project Management,External,Incomplete,150.54,2,4,4
EMP0867,07-Feb-20,13-Sep-75,51,6,10-Nov-20,04-Jul-24,Sales,Sales Executive,No,Frequently,No,Female,Married,Other,4,30000,6,25,Project Management,Internal,Passed,919.92,4,5,5
EMP0868,10-Jan-17,22-Feb-64,62,9,23-Jun-20,17-Feb-26,Sales,Area Sales Manager,Yes,Frequently,No,Male,Widowed,Other,5,78196,1,3,Customer Service,Internal,Passed,390.18,4,5,3
EMP0869,25-Sep-24,12-Apr-03,23,1,29-Jul-25,24-Mar-26,Research & Development,Laboratory Technician,No,Rarely,No,Male,Widowed,Life Sciences,4,42661,6,26,Communication Skills,External,Failed,483.48,4,2,4
EMP0870,17-Mar-17,15-Oct-73,53,9,21-Nov-22,23-May-26,Human Resources,Recruiter,No,Frequently,No,Male,Divorced,Life Sciences,4,44044,6,27,Technical Skills,Internal,Completed,844.61,1,1,1
EMP0871,03-Apr-17,19-Aug-93,33,9,03-Jun-23,01-Feb-25,Research & Development,Laboratory Technician,No,Frequently,Yes,Male,Divorced,Marketing,3,78758,2,18,Project Management,External,Passed,250.11,3,4,3
EMP0872,13-Dec-24,12-Jun-69,57,1,09-Nov-25,27-Mar-25,Sales,Sales Manager,No,Frequently,Yes,Male,Married,Medical,4,58056,4,22,Leadership Development,External,Passed,865.28,1,4,5
EMP0873,24-Sep-18,24-May-94,32,7,19-Oct-18,29-Apr-26,Research & Development,Research Director,Yes,Rarely,Yes,Female,Married,Technical Degree,4,83355,2,5,Communication Skills,Internal,Failed,317.47,3,3,4
EMP0874,19-Sep-21,01-May-99,27,4,10-May-22,22-Nov-25,Research & Development,Manufacturing Director,No,Rarely,No,Male,Divorced,Other,5,89203,2,20,Technical Skills,Internal,Completed,630.13,5,4,5
EMP0875,26-Aug-15,06-Jan-80,46,10,05-May-23,21-Feb-26,Sales,Area Sales Manager,No,Travel,No,Male,Married,Other,3,52101,1,22,Technical Skills,Internal,Passed,717.11,1,5,4
EMP0876,12-Jan-16,28-Apr-68,58,10,08-Oct-19,09-May-26,Sales,Sales Manager,No,Rarely,No,Male,Widowed,Technical Degree,5,80865,7,15,Technical Skills,External,Completed,914.51,3,4,5
EMP0877,11-Apr-22,08-Nov-90,36,4,10-Mar-24,05-Aug-24,Research & Development,Research Scientist,No,Rarely,No,Male,Married,Human Resources,3,49890,6,6,Leadership Development,Internal,Incomplete,646.87,4,3,4
EMP0878,04-Apr-16,09-Apr-61,65,10,12-Sep-20,02-Jan-25,Research & Development,Research Director,Yes,Rarely,Yes,Male,Married,Technical Degree,5,109662,4,28,Project Management,Internal,Passed,507.91,1,5,1
EMP0879,31-Jul-21,17-Jul-63,63,4,22-Aug-25,12-Oct-24,Sales,Sales Executive,No,Rarely,Yes,Male,Married,Medical,4,51140,7,3,Technical Skills,External,Failed,615.04,1,4,5
EMP0880,15-Jan-23,01-Nov-03,23,3,25-Mar-26,12-Apr-26,Sales,Sales Manager,No,Rarely,No,Male,Widowed,Technical Degree,4,85521,3,18,Project Management,Internal,Passed,281.87,4,3,2
EMP0881,29-May-23,21-Mar-74,52,3,27-Jul-23,16-Feb-25,Sales,Sales Executive,No,Rarely,No,Male,Single,Technical Degree,4,81875,5,25,Customer Service,Internal,Passed,720.17,4,3,4
EMP0882,29-Aug-24,26-Oct-93,33,1,24-Feb-25,10-Feb-26,Research & Development,Manufacturing Director,No,Rarely,No,Male,Married,Human Resources,3,71321,7,24,Leadership Development,Internal,Passed,268.19,4,3,4
EMP0883,07-Apr-18,09-Apr-04,22,8,09-Jun-20,25-Sep-25,Sales,Sales Representative,No,Frequently,No,Female,Married,Medical,3,51589,2,20,Project Management,External,Failed,601.52,4,4,1
EMP0884,23-Jun-20,23-May-66,60,5,07-Mar-24,28-Apr-26,Sales,Area Sales Manager,No,Frequently,Yes,Male,Single,Marketing,2,61972,2,22,Project Management,Internal,Completed,682.84,3,3,2
EMP0885,29-Mar-24,14-May-63,63,2,10-Mar-25,05-Apr-26,Research & Development,Laboratory Technician,No,Rarely,Yes,Male,Married,Marketing,2,30000,2,3,Technical Skills,External,Failed,908.72,5,3,4
EMP0886,15-Jan-19,15-Jun-80,46,7,30-May-24,07-Aug-25,Sales,Sales Executive,No,Travel,Yes,Female,Married,Other,3,69488,2,27,Technical Skills,External,Passed,505.17,1,4,3
EMP0887,24-Oct-18,15-Apr-88,38,7,18-Feb-24,28-Jul-24,Research & Development,Laboratory Technician,No,Rarely,No,Female,Married,Marketing,4,71992,5,8,Leadership Development,External,Passed,797.8,3,3,4
EMP0888,05-Dec-18,17-Nov-85,41,7,29-Apr-19,01-Jun-26,Sales,Sales Representative,No,Rarely,No,Male,Single,Human Resources,4,67669,3,19,Project Management,External,Failed,250.78,3,3,4
EMP0889,08-Oct-16,19-Jul-65,61,9,04-Jan-24,05-Mar-26,Sales,Sales Manager,No,Frequently,No,Female,Married,Human Resources,2,30000,1,18,Communication Skills,Internal,Passed,240.58,2,4,3
EMP0890,31-Jul-23,17-Jan-98,28,2,04-May-24,05-Feb-26,Sales,Area Sales Manager,Yes,Frequently,No,Female,Married,Medical,5,39687,3,15,Technical Skills,Internal,Passed,572.32,3,5,4
EMP0891,26-May-20,18-Jun-62,64,6,19-Oct-25,03-Oct-24,Research & Development,Manufacturing Director,No,Travel,No,Male,Married,Technical Degree,4,50038,5,23,Technical Skills,Internal,Failed,636.71,4,3,5
EMP0892,28-Feb-26,20-Oct-63,63,0,19-Mar-26,13-Nov-25,Research & Development,Research Director,No,Rarely,No,Female,Single,Other,5,70833,4,14,Customer Service,External,Incomplete,669.11,4,2,2
EMP0893,18-Mar-18,22-May-86,40,8,30-Mar-25,18-Oct-24,Research & Development,Manufacturing Director,No,Frequently,Yes,Male,Widowed,Marketing,4,70786,1,16,Leadership Development,Internal,Passed,771.11,3,4,4
EMP0894,17-Mar-20,03-Aug-98,28,6,16-May-25,19-Nov-25,Research & Development,Research Scientist,No,Rarely,No,Female,Married,Other,3,61595,1,3,Project Management,Internal,Completed,365.44,4,4,3
EMP0895,05-May-25,21-May-83,43,1,03-Feb-26,04-Dec-25,Research & Development,Manufacturing Director,No,Rarely,No,Female,Married,Medical,4,77704,4,29,Project Management,Internal,Passed,660.35,4,3,4
EMP0896,11-Sep-20,09-May-84,42,5,14-Jun-24,25-Jul-24,Sales,Sales Executive,No,Frequently,Yes,Male,Married,Life Sciences,4,44475,6,25,Project Management,Internal,Failed,269.33,3,2,4
EMP0897,22-Apr-25,21-Dec-63,63,1,14-Dec-25,17-Jun-25,Sales,Sales Manager,No,Rarely,No,Male,Married,Other,1,77204,2,15,Technical Skills,External,Failed,297.1,3,2,3
EMP0898,22-Sep-20,05-Apr-85,41,5,14-May-25,13-May-26,Research & Development,Research Scientist,No,Rarely,No,Female,Married,Human Resources,1,74494,5,19,Leadership Development,External,Completed,160.58,3,4,2
EMP0899,18-Mar-15,02-Apr-71,55,11,18-Jun-16,11-Mar-26,Sales,Sales Manager,No,Frequently,No,Female,Married,Other,2,72551,4,8,Project Management,Internal,Failed,772.3,2,4,4
EMP0900,08-Jun-25,22-Jul-66,60,1,01-Mar-26,13-Jan-26,Sales,Sales Representative,No,Rarely,No,Male,Married,Technical Degree,3,61359,3,2,Communication Skills,External,Passed,556.29,4,5,2
EMP0901,14-Jun-21,05-Nov-84,42,4,17-Feb-23,31-Aug-25,Sales,Sales Executive,No,Rarely,No,Female,Married,Other,4,101614,3,25,Customer Service,External,Passed,314.37,1,4,3
EMP0902,18-Jul-18,16-Nov-03,23,7,17-Nov-24,26-Oct-24,Sales,Sales Manager,No,Frequently,No,Female,Married,Human Resources,4,74863,6,17,Customer Service,External,Passed,600.61,2,4,5
EMP0903,28-Aug-16,14-May-86,40,9,14-Oct-24,20-Jun-25,Sales,Area Sales Manager,No,Rarely,Yes,Female,Single,Human Resources,2,45633,4,12,Project Management,External,Failed,418.82,2,5,3
EMP0904,27-Nov-24,24-Jul-79,47,1,16-Oct-25,16-Jun-25,Research & Development,Research Scientist,No,Frequently,Yes,Male,Married,Technical Degree,4,69966,5,19,Technical Skills,Internal,Incomplete,853.49,5,2,4
EMP0905,01-Oct-22,23-Oct-02,24,3,11-Nov-25,29-Dec-25,Research & Development,Research Director,No,Rarely,Yes,Male,Single,Marketing,4,80049,6,11,Customer Service,Internal,Failed,575.33,1,4,3
EMP0906,16-Sep-21,11-Apr-68,58,4,17-Sep-24,15-Jan-25,Research & Development,Manufacturing Director,No,Rarely,Yes,Male,Single,Other,3,53237,6,18,Customer Service,External,Completed,126.83,4,1,5
EMP0907,07-Jul-24,18-Nov-90,36,1,26-Jul-24,22-Sep-24,Research & Development,Research Director,No,Frequently,No,Male,Widowed,Marketing,1,86785,6,13,Customer Service,External,Passed,986.59,1,3,3
EMP0908,10-Aug-20,22-Aug-64,62,5,11-Dec-22,07-Oct-25,Sales,Sales Manager,Yes,Rarely,Yes,Male,Married,Technical Degree,2,72640,1,14,Customer Service,External,Failed,166.87,4,2,3
EMP0909,31-Mar-25,10-Sep-82,44,1,20-Jan-26,10-Jan-25,Sales,Sales Manager,No,Rarely,Yes,Male,Married,Marketing,3,30000,1,29,Project Management,External,Passed,726.36,5,2,4
EMP0910,10-Oct-21,18-Nov-94,32,4,13-Aug-25,05-Nov-24,Research & Development,Research Scientist,No,Frequently,No,Male,Married,Technical Degree,3,70993,2,12,Leadership Development,External,Passed,493.53,3,5,5
EMP0911,20-Jun-19,04-May-93,33,6,09-Mar-23,03-Apr-26,Research & Development,Manufacturing Director,No,Rarely,Yes,Female,Divorced,Marketing,3,56879,5,15,Leadership Development,External,Failed,324.39,5,4,5
EMP0912,18-Aug-23,24-Mar-74,52,2,11-Aug-25,02-Mar-26,Sales,Sales Executive,Yes,Rarely,Yes,Male,Married,Life Sciences,4,75743,3,23,Technical Skills,External,Completed,708.81,4,5,3
EMP0913,02-Nov-25,26-Dec-88,38,0,18-Nov-25,27-Oct-24,Research & Development,Research Scientist,No,Rarely,Yes,Male,Married,Other,4,83884,3,21,Communication Skills,Internal,Passed,213.31,4,3,5
EMP0914,23-May-17,22-Mar-69,57,9,24-Jan-19,28-May-26,Research & Development,Research Scientist,No,Frequently,No,Male,Married,Marketing,3,68903,2,8,Leadership Development,External,Completed,872.42,4,4,4
EMP0915,27-Apr-20,03-Nov-83,43,6,19-Jun-23,17-Dec-24,Research & Development,Research Scientist,Yes,Frequently,Yes,Female,Widowed,Technical Degree,3,98305,3,2,Communication Skills,External,Completed,325.55,2,1,5
EMP0916,22-Jul-23,08-Jun-90,36,2,23-Sep-23,01-Nov-25,Research & Development,Laboratory Technician,No,Rarely,No,Female,Divorced,Life Sciences,4,61425,6,8,Leadership Development,External,Passed,425.31,3,4,5
EMP0917,19-Jan-23,26-Jul-85,41,3,13-Dec-24,27-Nov-25,Sales,Area Sales Manager,No,Rarely,No,Male,Divorced,Life Sciences,5,77496,2,23,Leadership Development,Internal,Completed,669.38,5,4,4
EMP0918,20-Aug-21,09-Jun-83,43,4,27-Sep-23,27-Aug-25,Human Resources,Healthcare Representative,Yes,Frequently,No,Male,Single,Medical,4,81098,2,28,Technical Skills,Internal,Passed,100.93,3,1,4
EMP0919,15-Aug-21,15-May-67,59,4,18-Feb-25,18-Dec-25,Research & Development,Manufacturing Director,No,Rarely,Yes,Male,Single,Human Resources,4,63053,4,27,Customer Service,External,Passed,525.47,5,4,4
EMP0920,29-Jun-15,02-Aug-97,29,10,25-Jun-21,08-Dec-24,Sales,Sales Manager,No,Rarely,Yes,Female,Single,Life Sciences,3,80575,1,5,Technical Skills,External,Passed,904.82,4,3,4
EMP0921,17-Nov-23,19-Oct-64,62,2,28-Mar-26,07-Jun-26,Research & Development,Research Director,No,Rarely,Yes,Male,Single,Other,3,53106,5,2,Leadership Development,External,Passed,712.37,3,4,2
EMP0922,26-Feb-21,16-Feb-65,61,5,31-Jan-22,02-Mar-26,Research & Development,Research Director,No,Frequently,No,Male,Divorced,Medical,5,56548,5,10,Customer Service,Internal,Completed,449.11,4,4,1
EMP0923,08-Mar-15,04-Sep-92,34,11,02-Dec-23,04-Nov-25,Research & Development,Laboratory Technician,No,Frequently,Yes,Male,Single,Medical,1,38750,1,27,Customer Service,Internal,Incomplete,694.38,5,5,1
EMP0924,06-Feb-16,17-Jul-61,65,10,14-Mar-18,11-Jan-25,Research & Development,Research Director,No,Rarely,No,Male,Single,Life Sciences,5,69828,6,23,Customer Service,Internal,Passed,942.91,3,2,5
EMP0925,21-Feb-26,02-Jul-85,41,0,08-May-26,17-Jun-24,Research & Development,Laboratory Technician,Yes,Rarely,Yes,Male,Single,Life Sciences,4,71505,5,10,Communication Skills,External,Passed,269.02,1,4,2
EMP0926,02-Jun-21,07-Mar-95,31,5,27-Jan-22,10-Feb-25,Sales,Area Sales Manager,Yes,Frequently,Yes,Male,Single,Human Resources,4,88585,3,4,Leadership Development,Internal,Passed,578.63,4,4,1
EMP0927,29-Feb-20,19-Jul-83,43,6,14-Aug-23,01-Jun-25,Sales,Sales Manager,No,Rarely,No,Male,Single,Other,1,80822,3,4,Project Management,External,Completed,311.26,5,1,3
EMP0928,26-Nov-22,11-Mar-75,51,3,31-Aug-24,27-Jun-24,Research & Development,Research Director,No,Travel,Yes,Male,Married,Technical Degree,4,59304,5,8,Technical Skills,Internal,Passed,868.8,4,4,4
EMP0929,30-Nov-19,16-Feb-93,33,6,07-Apr-20,16-Oct-24,Research & Development,Research Scientist,No,Rarely,Yes,Female,Married,Life Sciences,4,41436,7,6,Communication Skills,External,Failed,748.95,2,3,5
EMP0930,07-Apr-19,06-Nov-83,43,7,23-Apr-22,04-Dec-25,Sales,Sales Executive,No,Rarely,No,Female,Single,Medical,2,73657,7,25,Technical Skills,External,Completed,820.97,2,2,4
EMP0931,15-Aug-20,02-Nov-84,42,5,06-Apr-25,18-Mar-25,Sales,Area Sales Manager,Yes,Rarely,Yes,Male,Married,Marketing,3,87215,4,27,Project Management,External,Failed,948.71,5,2,3
EMP0932,25-Jan-18,09-Aug-04,22,8,15-Jan-19,22-Jul-24,Research & Development,Research Scientist,No,Rarely,Yes,Male,Married,Other,5,80103,5,15,Customer Service,Internal,Incomplete,309.08,1,5,5
EMP0933,06-Mar-17,19-Mar-91,35,9,01-Oct-22,22-Feb-26,Human Resources,HR Manager,No,Travel,Yes,Male,Single,Medical,4,86689,2,18,Project Management,External,Passed,143.85,4,2,1
EMP0934,19-Nov-15,26-Aug-94,32,10,19-Sep-25,08-Dec-25,Research & Development,Manufacturing Director,No,Rarely,No,Male,Married,Human Resources,4,60762,6,21,Technical Skills,Internal,Incomplete,361.81,2,4,5
EMP0935,05-Dec-21,20-Mar-99,27,4,05-Apr-23,13-Jun-25,Sales,Sales Representative,No,Frequently,Yes,Female,Married,Marketing,2,55667,2,22,Project Management,Internal,Passed,459.23,3,2,2
EMP0936,20-Nov-24,14-Nov-77,49,1,05-Dec-25,19-May-25,Sales,Sales Executive,No,Rarely,No,Male,Married,Medical,4,50261,1,8,Leadership Development,Internal,Passed,662.64,3,2,4
EMP0937,01-Oct-15,16-Jul-79,47,10,25-Oct-20,03-Apr-25,Sales,Sales Executive,No,Rarely,No,Male,Married,Marketing,4,63882,6,20,Project Management,External,Completed,817.93,2,3,1
EMP0938,08-Mar-23,02-Jan-80,46,3,16-Nov-24,04-Nov-25,Human Resources,HR Generalist,No,Rarely,No,Female,Single,Life Sciences,4,63428,6,27,Leadership Development,Internal,Completed,414.82,4,4,5
EMP0939,12-Dec-17,24-Apr-70,56,8,15-May-20,01-Jan-25,Sales,Sales Representative,No,Rarely,Yes,Female,Widowed,Human Resources,4,69133,3,7,Project Management,External,Completed,526.15,3,3,2
EMP0940,08-Jan-17,11-Jan-81,45,9,28-Nov-22,21-Oct-25,Research & Development,Research Director,No,Travel,Yes,Male,Divorced,Medical,4,62414,6,27,Leadership Development,Internal,Passed,806.92,3,2,2
EMP0941,14-Aug-21,01-Apr-71,55,4,25-Apr-23,20-Apr-25,Sales,Sales Representative,No,Rarely,No,Female,Divorced,Human Resources,4,62327,4,23,Leadership Development,Internal,Incomplete,302.8,3,5,5
EMP0942,30-Apr-22,21-Jan-61,65,4,23-Apr-23,16-Feb-26,Research & Development,Laboratory Technician,No,Rarely,No,Male,Single,Life Sciences,3,49466,5,20,Project Management,Internal,Passed,295.42,5,4,2
EMP0943,26-Apr-24,23-Apr-89,37,2,18-Aug-24,25-Jul-25,Research & Development,Laboratory Technician,No,Rarely,No,Female,Widowed,Other,5,83832,2,17,Communication Skills,External,Passed,630.31,4,2,4
EMP0944,09-Dec-18,05-May-82,44,7,18-Feb-23,05-Feb-26,Research & Development,Laboratory Technician,No,Rarely,No,Male,Divorced,Life Sciences,4,66530,3,19,Customer Service,Internal,Passed,492.45,1,4,4
EMP0945,03-Jul-19,17-Jul-98,28,6,03-Dec-19,19-Feb-25,Sales,Sales Representative,No,Rarely,No,Male,Divorced,Other,3,61511,7,2,Customer Service,External,Completed,954.01,1,1,4
EMP0946,18-Dec-17,06-May-67,59,8,24-Mar-20,19-Feb-26,Sales,Sales Executive,No,Frequently,Yes,Male,Single,Human Resources,4,50051,3,29,Customer Service,External,Completed,421.33,4,4,3
EMP0947,17-Mar-23,10-Jan-00,26,3,22-Sep-23,26-Dec-24,Sales,Sales Representative,No,Rarely,Yes,Male,Married,Other,5,38361,4,29,Leadership Development,External,Failed,783.6,5,3,5
EMP0948,03-Apr-26,24-Aug-86,40,0,29-May-26,23-Jan-26,Human Resources,HR Generalist,No,Rarely,No,Male,Widowed,Marketing,3,91159,4,12,Customer Service,Internal,Passed,624.78,3,2,5
EMP0949,10-Feb-21,17-Oct-71,55,5,13-Dec-23,20-Jan-25,Research & Development,Research Scientist,Yes,Rarely,Yes,Female,Married,Human Resources,3,76092,4,19,Leadership Development,External,Passed,149.12,2,2,4
EMP0950,09-Sep-18,22-Jul-83,43,7,20-Dec-18,07-Jun-25,Research & Development,Research Director,No,Travel,Yes,Female,Married,Marketing,4,32521,4,5,Communication Skills,External,Passed,175.95,4,3,3
EMP0951,06-Oct-20,16-Jun-96,30,5,05-Mar-26,20-Jun-24,Research & Development,Research Scientist,No,Rarely,No,Male,Widowed,Life Sciences,3,80262,7,27,Project Management,External,Failed,282.84,4,5,3
EMP0952,22-Oct-25,06-Apr-82,44,0,10-Jun-26,20-Aug-25,Research & Development,Research Director,No,Rarely,No,Male,Married,Marketing,4,83449,2,12,Project Management,Internal,Completed,228.84,4,2,3
EMP0953,14-Aug-21,08-Jan-79,47,4,03-Jun-24,18-Nov-24,Sales,Sales Executive,Yes,Rarely,No,Male,Married,Life Sciences,2,67487,4,17,Leadership Development,External,Failed,396.43,2,2,4
EMP0954,06-Aug-22,05-Dec-90,36,3,17-Jun-23,01-May-26,Human Resources,HR Generalist,No,Rarely,No,Female,Married,Other,4,96962,3,5,Leadership Development,Internal,Incomplete,621.09,2,4,5
EMP0955,01-Aug-17,01-Dec-91,35,8,19-Sep-19,19-Mar-26,Research & Development,Laboratory Technician,No,Rarely,Yes,Female,Widowed,Life Sciences,2,69334,3,2,Communication Skills,External,Passed,642.13,3,4,4
EMP0956,03-Jul-25,06-Sep-67,59,0,24-Dec-25,11-Jul-25,Research & Development,Laboratory Technician,No,Rarely,No,Female,Single,Technical Degree,1,36663,7,4,Customer Service,Internal,Passed,628.99,2,2,4
EMP0957,08-Sep-16,23-Jun-97,29,9,09-Feb-22,22-Jan-25,Research & Development,Research Director,No,Frequently,No,Male,Married,Technical Degree,5,72303,6,6,Communication Skills,Internal,Failed,205.85,5,3,4
EMP0958,27-Feb-18,13-Jan-63,63,8,16-May-26,13-Feb-26,Sales,Sales Representative,No,Rarely,No,Male,Married,Technical Degree,4,69897,5,9,Project Management,Internal,Completed,640.2,1,3,3
EMP0959,23-Jan-20,25-May-64,62,6,06-Dec-25,13-May-25,Sales,Sales Representative,No,Frequently,No,Male,Married,Technical Degree,3,52934,3,26,Project Management,External,Failed,468.77,4,2,4
EMP0960,30-Nov-23,02-Oct-70,56,2,12-Oct-24,25-Aug-25,Research & Development,Manufacturing Director,No,Rarely,Yes,Male,Married,Life Sciences,3,76471,3,22,Customer Service,External,Incomplete,912.75,4,3,4
EMP0961,16-Mar-23,22-Jan-66,60,3,14-Jan-25,01-Mar-25,Sales,Sales Representative,Yes,Rarely,Yes,Female,Divorced,Technical Degree,4,31646,7,10,Project Management,Internal,Failed,920.79,3,1,4
EMP0962,09-Jan-17,27-Nov-98,28,9,18-Aug-18,05-Oct-24,Research & Development,Manufacturing Director,No,Rarely,Yes,Female,Widowed,Medical,4,84811,2,29,Leadership Development,External,Passed,791.36,5,4,1
EMP0963,07-Nov-23,23-Jan-03,23,2,02-Jan-26,27-Jul-25,Sales,Sales Representative,Yes,Rarely,Yes,Female,Single,Other,5,47437,6,11,Project Management,External,Passed,732.8,4,5,4
EMP0964,25-Apr-15,15-Jul-97,29,11,01-Feb-25,08-Jul-24,Research & Development,Research Scientist,No,Frequently,No,Male,Married,Human Resources,5,45301,3,28,Technical Skills,External,Completed,203.46,5,4,3
EMP0965,06-Dec-20,18-Feb-80,46,5,25-Jun-21,14-Mar-25,Sales,Sales Executive,No,Rarely,No,Female,Single,Other,4,62723,1,2,Customer Service,Internal,Completed,176.22,2,3,3
EMP0966,09-Oct-17,23-Aug-88,38,8,24-Jul-23,23-Oct-25,Research & Development,Manufacturing Director,Yes,Rarely,No,Male,Single,Life Sciences,4,73659,3,24,Customer Service,External,Passed,856.75,1,4,4
EMP0967,14-Mar-25,23-Apr-95,31,1,23-Feb-26,21-Nov-24,Research & Development,Research Scientist,No,Rarely,Yes,Female,Married,Medical,4,68278,5,21,Customer Service,Internal,Passed,484.31,2,4,3
EMP0968,08-Apr-23,01-Nov-61,65,3,04-Jan-24,20-Apr-25,Sales,Area Sales Manager,Yes,Travel,Yes,Male,Divorced,Life Sciences,4,50146,5,25,Technical Skills,Internal,Failed,506.23,3,5,5
EMP0969,17-Nov-20,22-Jul-85,41,5,11-Jan-22,18-Aug-25,Research & Development,Laboratory Technician,No,Rarely,No,Male,Divorced,Life Sciences,2,54878,6,26,Communication Skills,External,Failed,863.01,3,4,3
EMP0970,19-Jul-23,17-Nov-98,28,2,01-Oct-23,30-Mar-25,Research & Development,Laboratory Technician,No,Travel,Yes,Male,Single,Medical,3,42339,6,9,Leadership Development,External,Passed,659.29,5,4,4
EMP0971,02-May-23,20-Oct-87,39,3,27-Nov-25,30-Nov-25,Research & Development,Manufacturing Director,No,Rarely,No,Male,Single,Technical Degree,2,60506,4,20,Customer Service,External,Failed,261.47,3,3,5
EMP0972,06-Jun-17,27-Jul-96,30,9,10-Oct-21,01-Apr-26,Human Resources,Recruiter,No,Rarely,No,Male,Married,Medical,2,86500,2,29,Project Management,External,Passed,289.91,5,3,4
EMP0973,30-Mar-20,24-Sep-98,28,6,06-Feb-26,09-Feb-25,Research & Development,Research Director,Yes,Rarely,Yes,Female,Married,Technical Degree,3,64914,5,17,Leadership Development,External,Incomplete,105.74,3,3,5
EMP0974,29-Jul-25,10-Feb-65,61,0,26-Sep-25,16-Jul-24,Sales,Sales Manager,Yes,Rarely,Yes,Male,Single,Other,4,82188,1,27,Project Management,Internal,Passed,739.6,4,1,4
EMP0975,25-Jul-15,16-Feb-97,29,10,10-Aug-15,31-May-25,Sales,Sales Executive,Yes,Rarely,Yes,Male,Divorced,Technical Degree,4,94108,1,9,Leadership Development,Internal,Completed,537.05,3,3,5
EMP0976,11-May-22,07-Oct-92,34,4,06-Feb-24,10-Dec-25,Sales,Sales Manager,No,Rarely,No,Female,Widowed,Marketing,4,53239,4,25,Leadership Development,External,Failed,954.97,2,4,3
EMP0977,19-Dec-19,07-Sep-88,38,6,16-Jun-20,29-May-26,Research & Development,Research Scientist,No,Travel,Yes,Female,Married,Marketing,3,61268,2,8,Project Management,External,Passed,742.61,5,4,2
EMP0978,01-Jun-16,14-Dec-82,44,10,14-Feb-24,21-Jul-24,Sales,Area Sales Manager,No,Frequently,No,Male,Divorced,Marketing,2,108423,2,5,Project Management,External,Failed,192.84,2,5,4
EMP0979,31-May-25,02-Mar-86,40,1,31-Mar-26,24-Jan-25,Research & Development,Research Scientist,Yes,Frequently,No,Male,Married,Life Sciences,4,93886,6,5,Leadership Development,External,Passed,245.39,4,3,4
EMP0980,11-Oct-21,07-Aug-69,57,4,07-Apr-22,23-Jul-24,Research & Development,Manufacturing Director,No,Rarely,No,Male,Married,Technical Degree,3,31551,3,26,Customer Service,External,Completed,551.55,4,2,4
EMP0981,27-Feb-24,08-Jun-74,52,2,02-Feb-25,24-Feb-26,Sales,Sales Executive,No,Rarely,No,Male,Married,Marketing,4,72742,1,6,Project Management,External,Failed,932.39,5,5,3
EMP0982,13-Aug-17,22-Jan-04,22,8,07-Nov-22,02-May-25,Research & Development,Research Scientist,No,Rarely,No,Female,Single,Other,5,65011,1,16,Technical Skills,Internal,Passed,322.53,4,5,1
EMP0983,19-Feb-18,27-Feb-99,27,8,26-Aug-18,20-Mar-25,Sales,Sales Executive,No,Frequently,No,Female,Widowed,Human Resources,2,81529,7,1,Technical Skills,Internal,Passed,843.02,3,4,3
EMP0984,07-Jan-16,16-Nov-68,58,10,04-Mar-17,23-Dec-24,Sales,Sales Executive,Yes,Travel,Yes,Male,Married,Technical Degree,3,50100,1,9,Leadership Development,External,Completed,381.05,4,2,4
EMP0985,01-Nov-15,25-Feb-95,31,10,02-Sep-21,06-Aug-24,Research & Development,Manufacturing Director,No,Rarely,No,Female,Married,Marketing,4,48207,1,21,Communication Skills,External,Passed,342.91,1,4,2
EMP0986,29-Oct-21,24-Feb-72,54,4,14-Feb-26,19-Jul-24,Research & Development,Manufacturing Director,No,Rarely,No,Male,Married,Medical,5,51478,7,7,Leadership Development,External,Failed,911.25,3,2,3
EMP0987,18-Jan-26,21-May-98,28,0,07-Apr-26,16-Mar-26,Research & Development,Manufacturing Director,No,Rarely,No,Male,Single,Human Resources,4,53561,5,11,Leadership Development,Internal,Passed,142.52,1,5,1
EMP0988,09-Aug-17,10-Aug-90,36,8,09-Nov-17,09-Feb-26,Research & Development,Research Scientist,No,Rarely,No,Female,Single,Marketing,5,81306,2,15,Customer Service,External,Incomplete,694.67,3,4,4
EMP0989,07-Mar-17,02-Aug-88,38,9,28-Aug-23,16-Jan-26,Sales,Sales Manager,No,Rarely,No,Male,Married,Medical,3,41375,3,24,Customer Service,External,Failed,138.85,2,3,5
EMP0990,07-Apr-20,28-Mar-98,28,6,07-Oct-23,03-May-25,Research & Development,Manufacturing Director,No,Rarely,No,Female,Married,Life Sciences,5,52547,5,5,Communication Skills,External,Completed,820.69,5,5,4
EMP0991,16-Jan-18,12-May-02,24,8,16-Mar-25,27-Apr-25,Research & Development,Manufacturing Director,No,Frequently,No,Male,Single,Life Sciences,2,30000,2,19,Communication Skills,Internal,Passed,846.46,4,4,1
EMP0992,19-Sep-23,14-Jun-61,65,2,20-Mar-26,30-Jun-24,Research & Development,Research Scientist,No,Rarely,Yes,Female,Married,Human Resources,2,85142,4,6,Communication Skills,External,Passed,904.02,5,5,3
EMP0993,05-Mar-25,28-Feb-97,29,1,20-Jun-25,15-Oct-24,Sales,Area Sales Manager,No,Rarely,No,Male,Married,Medical,5,90420,1,23,Communication Skills,External,Passed,267.48,1,5,4
EMP0994,28-Apr-23,28-Jan-02,24,3,13-Feb-25,27-Feb-26,Research & Development,Research Scientist,No,Travel,No,Female,Married,Technical Degree,5,58458,3,29,Communication Skills,External,Passed,212.05,4,1,4
EMP0995,26-May-24,21-Nov-96,30,2,17-Dec-24,21-Dec-25,Research & Development,Laboratory Technician,No,Rarely,No,Male,Married,Marketing,2,59041,2,14,Leadership Development,External,Completed,553.18,3,2,4
EMP0996,19-Jun-18,12-Jun-94,32,7,15-Aug-20,06-Apr-26,Sales,Area Sales Manager,Yes,Rarely,Yes,Male,Divorced,Technical Degree,2,74064,4,20,Leadership Development,External,Failed,344.47,3,4,5
EMP0997,21-Apr-24,09-Oct-76,50,2,08-Feb-25,04-Jun-25,Human Resources,Healthcare Representative,No,Rarely,Yes,Female,Married,Other,1,94489,1,25,Technical Skills,Internal,Passed,645.67,5,5,5
EMP0998,22-Mar-17,27-Jun-99,27,9,28-Apr-20,20-Nov-25,Sales,Sales Executive,No,Rarely,No,Male,Married,Other,2,73172,4,14,Technical Skills,Internal,Completed,562.37,5,5,2
EMP0999,22-Dec-25,04-Mar-83,43,0,07-May-26,30-Jun-25,Human Resources,Recruiter,No,Rarely,No,Female,Single,Marketing,3,51049,7,11,Project Management,External,Passed,230.37,2,4,2
EMP1000,26-Feb-24,15-Jul-79,47,2,17-Jan-25,18-Nov-25,Research & Development,Laboratory Technician,No,Frequently,Yes,Male,Single,Life Sciences,5,32623,4,4,Leadership Development,Internal,Passed,765.34,5,2,3
EMP1001,10-Apr-21,23-Jul-87,39,5,09-Aug-25,10-Oct-24,Sales,Area Sales Manager,No,Rarely,No,Female,Single,Marketing,4,42697,5,27,Communication Skills,External,Incomplete,823.41,4,2,4
EMP1002,26-Sep-15,21-Jul-74,52,10,05-Sep-20,24-Apr-25,Research & Development,Research Director,Yes,Rarely,Yes,Male,Married,Technical Degree,4,66464,4,10,Project Management,Internal,Failed,966.74,5,4,4
EMP1003,24-Apr-23,05-Feb-94,32,3,20-Dec-23,06-Feb-26,Research & Development,Research Director,No,Rarely,No,Female,Single,Technical Degree,4,51893,5,2,Customer Service,External,Failed,455.98,4,4,4
EMP1004,15-Nov-19,04-Mar-01,25,6,05-Dec-22,16-Oct-25,Research & Development,Research Director,Yes,Rarely,Yes,Male,Single,Technical Degree,4,68899,6,25,Leadership Development,External,Passed,403.96,5,4,2
EMP1005,11-Dec-24,16-Oct-78,48,1,12-May-25,03-Apr-25,Research & Development,Manufacturing Director,No,Frequently,No,Female,Married,Life Sciences,4,53941,5,4,Technical Skills,Internal,Passed,273.04,5,4,5
EMP1006,21-Dec-24,15-Nov-68,58,1,31-May-25,16-Jan-25,Research & Development,Laboratory Technician,No,Frequently,No,Male,Single,Technical Degree,4,43837,7,20,Leadership Development,External,Passed,262.78,2,4,4
EMP1007,18-Apr-20,13-Oct-93,33,6,13-May-23,30-Aug-25,Research & Development,Manufacturing Director,No,Rarely,No,Female,Single,Life Sciences,3,41459,7,10,Leadership Development,External,Incomplete,388.95,3,5,5
EMP1008,19-Feb-23,01-Oct-82,44,3,11-Oct-23,11-Jun-24,Research & Development,Laboratory Technician,No,Frequently,No,Male,Single,Human Resources,4,96247,4,1,Leadership Development,Internal,Failed,983.64,2,3,4
EMP1009,24-Mar-17,05-Dec-61,65,9,25-May-17,24-Oct-24,Sales,Area Sales Manager,No,Rarely,No,Male,Married,Medical,4,82779,2,14,Leadership Development,External,Passed,183.03,4,3,4
EMP1010,29-Mar-23,04-Aug-74,52,3,18-May-26,12-Oct-24,Research & Development,Manufacturing Director,No,Travel,Yes,Female,Single,Human Resources,5,99610,4,18,Customer Service,Internal,Completed,333.43,5,4,3
EMP1011,17-Jan-23,02-Aug-78,48,3,04-Dec-25,05-Sep-25,Sales,Sales Executive,Yes,Rarely,Yes,Male,Married,Life Sciences,5,75799,4,12,Technical Skills,External,Failed,177.38,4,5,4
EMP1012,11-May-16,21-May-00,26,10,04-Jul-17,21-Aug-24,Human Resources,HR Generalist,No,Travel,No,Female,Married,Marketing,4,56400,2,19,Leadership Development,Internal,Completed,346.27,4,3,2
EMP1013,06-Dec-23,23-Jan-84,42,2,04-Jul-24,28-Apr-25,Human Resources,Recruiter,No,Frequently,Yes,Female,Married,Human Resources,4,91466,1,23,Customer Service,Internal,Passed,183.16,3,3,4
EMP1014,10-Mar-21,25-Sep-61,65,5,25-Mar-24,12-Jun-25,Sales,Sales Representative,Yes,Rarely,No,Male,Married,Medical,2,64338,3,12,Project Management,External,Passed,557.48,2,3,2
EMP1015,04-Apr-19,19-Dec-68,58,7,08-Mar-23,09-Feb-25,Research & Development,Research Scientist,No,Rarely,No,Male,Divorced,Human Resources,4,69416,6,25,Leadership Development,External,Passed,494.52,2,3,2
EMP1016,27-Sep-17,28-Nov-90,36,8,25-Nov-23,29-Jul-24,Human Resources,Recruiter,Yes,Travel,Yes,Male,Single,Technical Degree,3,64143,1,28,Customer Service,Internal,Passed,256.65,4,2,2
EMP1017,14-Mar-25,17-Sep-83,43,1,24-Aug-25,02-Oct-24,Sales,Area Sales Manager,No,Frequently,No,Female,Single,Technical Degree,1,30000,4,5,Communication Skills,External,Completed,257.33,2,4,2
EMP1018,20-Jan-17,14-Feb-65,61,9,04-Feb-20,23-Apr-25,Research & Development,Research Scientist,No,Rarely,Yes,Female,Single,Marketing,3,97094,1,4,Project Management,External,Completed,663.5,2,3,3
EMP1019,04-Oct-19,08-Dec-62,64,6,05-May-21,31-Jan-25,Human Resources,HR Manager,No,Rarely,No,Female,Single,Marketing,4,74820,3,13,Technical Skills,External,Failed,448.41,3,4,5
EMP1020,24-Jun-15,22-Jun-74,52,10,20-Jan-26,04-Jan-25,Sales,Area Sales Manager,No,Rarely,No,Male,Single,Technical Degree,2,71596,7,18,Leadership Development,External,Incomplete,150.58,1,2,3
EMP1021,19-Feb-16,13-Nov-61,65,10,13-Jan-24,30-Aug-25,Research & Development,Manufacturing Director,No,Rarely,No,Male,Single,Marketing,5,63764,1,29,Leadership Development,External,Passed,928.17,2,2,4
EMP1022,25-Jun-22,20-Sep-95,31,3,26-Jan-24,12-Jan-26,Sales,Sales Manager,Yes,Rarely,No,Male,Married,Technical Degree,2,68268,3,12,Customer Service,External,Incomplete,464.46,2,4,2
EMP1023,18-Jun-20,21-Jan-01,25,5,17-Mar-23,03-Mar-25,Human Resources,Healthcare Representative,No,Rarely,Yes,Female,Married,Marketing,5,53054,1,16,Technical Skills,External,Incomplete,631.94,5,4,4
EMP1024,28-Oct-17,28-Sep-94,32,8,29-Sep-19,21-Feb-26,Human Resources,Recruiter,No,Frequently,No,Female,Married,Medical,4,77331,5,23,Communication Skills,External,Failed,896.87,2,3,3
EMP1025,09-Aug-19,28-Aug-74,52,6,26-May-20,06-Feb-26,Human Resources,Recruiter,No,Rarely,No,Female,Married,Medical,3,38858,4,6,Project Management,Internal,Passed,461.94,5,5,3
EMP1026,16-Jul-16,25-Feb-94,32,9,12-Jan-20,28-Sep-25,Research & Development,Research Director,No,Frequently,No,Female,Single,Life Sciences,3,68721,3,28,Technical Skills,Internal,Completed,838.59,2,2,2
EMP1027,25-Aug-19,08-Jun-73,53,6,12-Jun-23,26-Jan-25,Research & Development,Research Scientist,No,Rarely,No,Female,Single,Medical,4,76231,6,28,Leadership Development,Internal,Passed,923.28,5,3,4
EMP1028,05-Nov-19,02-May-83,43,6,27-Nov-25,18-Jan-25,Research & Development,Research Scientist,No,Rarely,No,Male,Married,Human Resources,4,61026,4,7,Customer Service,Internal,Completed,256.66,4,4,2
EMP1029,23-Mar-20,18-Apr-72,54,6,14-Mar-25,18-Oct-25,Sales,Area Sales Manager,No,Rarely,No,Male,Single,Human Resources,4,72417,5,24,Communication Skills,Internal,Passed,903.24,5,5,5
EMP1030,15-May-22,13-Jul-63,63,4,26-Aug-22,06-Sep-24,Research & Development,Laboratory Technician,No,Rarely,Yes,Male,Single,Medical,3,45173,7,9,Customer Service,External,Failed,207.85,5,3,4
EMP1031,23-Apr-18,15-Feb-89,37,8,07-Oct-19,25-Jan-26,Sales,Sales Representative,No,Rarely,No,Male,Married,Other,4,45683,1,10,Project Management,External,Failed,347.61,4,3,5
EMP1032,24-Jan-15,15-Oct-76,50,11,18-Sep-15,12-May-26,Research & Development,Research Director,No,Rarely,No,Female,Widowed,Technical Degree,5,69734,4,5,Technical Skills,Internal,Passed,827.39,5,4,5
EMP1033,21-Mar-21,15-Aug-99,27,5,10-Nov-23,02-Mar-26,Sales,Sales Manager,No,Rarely,No,Male,Married,Other,3,78570,1,27,Customer Service,Internal,Passed,910.62,4,3,4
EMP1034,31-Mar-18,16-Feb-84,42,8,26-Oct-25,18-Apr-26,Sales,Sales Executive,No,Rarely,No,Female,Single,Human Resources,4,30000,1,21,Customer Service,Internal,Passed,715.72,4,4,5
EMP1035,30-Nov-17,04-Jan-63,63,8,24-Jun-18,03-Apr-26,Sales,Sales Manager,No,Rarely,Yes,Male,Divorced,Human Resources,3,75440,4,4,Leadership Development,Internal,Failed,194.34,3,3,2
EMP1036,15-Aug-20,02-Jul-79,47,5,22-Oct-21,17-Jan-25,Research & Development,Research Director,Yes,Rarely,Yes,Male,Married,Life Sciences,4,54135,3,11,Customer Service,External,Completed,570.69,5,5,5
EMP1037,30-Nov-18,01-Sep-69,57,7,20-Mar-23,17-Jul-24,Sales,Sales Executive,No,Frequently,No,Female,Married,Medical,4,61143,3,19,Communication Skills,Internal,Passed,615.37,5,3,3
EMP1038,19-Jun-17,20-Oct-99,27,8,25-Jan-18,15-May-26,Research & Development,Manufacturing Director,No,Travel,No,Male,Divorced,Life Sciences,3,38209,4,29,Technical Skills,External,Completed,353.67,2,5,4
EMP1039,31-Jul-15,17-May-64,62,10,17-Jul-16,10-Dec-25,Sales,Area Sales Manager,No,Rarely,No,Female,Married,Human Resources,2,47967,3,7,Project Management,Internal,Passed,992.17,4,3,4
EMP1040,15-Dec-17,21-Apr-69,57,8,26-Sep-22,16-May-25,Sales,Sales Manager,Yes,Rarely,Yes,Male,Single,Medical,1,84322,2,13,Customer Service,External,Completed,402.07,5,5,5
EMP1041,02-May-15,11-Aug-62,64,11,23-Sep-19,30-Sep-24,Research & Development,Manufacturing Director,Yes,Rarely,Yes,Male,Married,Human Resources,4,65657,1,13,Communication Skills,Internal,Incomplete,289.23,4,3,5
EMP1042,13-Jan-23,27-Jan-81,45,3,14-Jan-24,16-Jul-24,Research & Development,Manufacturing Director,No,Travel,No,Female,Married,Medical,4,57344,4,21,Project Management,External,Passed,199.12,5,3,2
EMP1043,03-May-20,11-Aug-90,36,6,03-May-25,12-Jul-25,Sales,Sales Manager,No,Rarely,No,Male,Married,Human Resources,5,62670,6,23,Communication Skills,External,Incomplete,440.65,2,3,3
EMP1044,06-Apr-22,20-Oct-69,57,4,19-Sep-25,06-Jan-26,Research & Development,Manufacturing Director,No,Rarely,No,Male,Married,Life Sciences,4,74784,5,18,Customer Service,External,Failed,723.36,3,5,4
EMP1045,10-May-15,22-Dec-74,52,11,05-May-19,05-Aug-25,Research & Development,Research Director,No,Rarely,No,Male,Widowed,Life Sciences,3,73809,7,25,Customer Service,External,Passed,308.28,4,3,4
EMP1046,28-Nov-18,15-Dec-81,45,7,30-May-22,13-Sep-24,Research & Development,Research Scientist,Yes,Rarely,No,Female,Divorced,Medical,5,63499,4,25,Technical Skills,External,Incomplete,792.59,2,3,1
EMP1047,13-Dec-20,25-Feb-97,29,5,24-Oct-22,11-Sep-24,Sales,Sales Executive,No,Rarely,No,Male,Divorced,Marketing,4,86859,4,29,Leadership Development,External,Passed,221.86,3,2,4
EMP1048,05-Mar-16,01-Apr-62,64,10,05-May-25,05-Mar-26,Sales,Sales Executive,Yes,Frequently,Yes,Female,Divorced,Medical,4,84409,1,9,Communication Skills,External,Passed,496.42,4,5,5
EMP1049,04-Nov-17,27-Jun-83,43,8,24-Jan-20,25-Mar-26,Research & Development,Manufacturing Director,No,Rarely,No,Female,Widowed,Human Resources,2,73267,5,13,Leadership Development,External,Failed,732.14,2,3,4
EMP1050,10-Jun-24,18-May-64,62,2,10-Jun-26,04-Aug-24,Sales,Area Sales Manager,No,Rarely,No,Female,Single,Life Sciences,3,66092,1,13,Leadership Development,External,Completed,221.78,3,3,4
EMP1051,20-Jul-17,23-Jun-71,55,8,20-Jan-26,26-Dec-24,Research & Development,Manufacturing Director,No,Rarely,No,Female,Single,Marketing,5,78146,6,5,Project Management,External,Completed,638.06,2,5,4
EMP1052,04-Jun-16,06-Jan-98,28,10,12-Dec-23,23-Jan-25,Research & Development,Laboratory Technician,No,Rarely,No,Female,Married,Human Resources,4,71285,7,26,Project Management,Internal,Passed,819.06,4,5,4
EMP1053,06-Sep-25,27-Mar-73,53,0,06-Jun-26,19-Feb-25,Human Resources,HR Manager,No,Travel,No,Male,Divorced,Life Sciences,3,86216,3,12,Communication Skills,External,Incomplete,635.99,3,3,5
EMP1054,20-Jan-25,09-Feb-78,48,1,01-Mar-25,17-Nov-25,Research & Development,Research Scientist,No,Rarely,No,Female,Married,Other,4,82991,4,25,Leadership Development,External,Completed,560.32,2,5,4
EMP1055,13-Feb-23,07-Apr-65,61,3,23-Sep-25,15-Aug-25,Human Resources,Recruiter,No,Frequently,No,Female,Married,Other,5,44634,1,1,Technical Skills,External,Incomplete,854.47,4,3,4
EMP1056,12-Jun-17,07-Jul-97,29,9,24-Oct-23,03-Aug-24,Research & Development,Research Scientist,No,Rarely,No,Female,Single,Life Sciences,3,43280,7,18,Leadership Development,Internal,Passed,986.88,1,2,5
EMP1057,19-Feb-25,23-Apr-75,51,1,27-Apr-25,18-Jan-25,Research & Development,Laboratory Technician,No,Rarely,No,Male,Single,Medical,4,50975,6,26,Project Management,External,Completed,263.18,5,5,1
EMP1058,20-Apr-26,25-Feb-83,43,0,25-Apr-26,25-Jan-25,Research & Development,Research Scientist,Yes,Travel,Yes,Male,Married,Marketing,5,84522,6,21,Leadership Development,External,Incomplete,722.21,3,4,5
EMP1059,20-Dec-19,21-Jan-78,48,6,21-Mar-25,11-Jan-25,Research & Development,Research Director,No,Rarely,No,Female,Single,Human Resources,3,33473,7,21,Customer Service,External,Passed,172.59,5,3,4
EMP1060,22-Dec-15,04-Oct-61,65,10,23-Jan-17,17-Sep-25,Research & Development,Research Director,No,Frequently,No,Female,Married,Technical Degree,4,72895,2,22,Customer Service,Internal,Incomplete,138.56,3,2,5
EMP1061,06-Oct-21,22-Aug-76,50,4,26-Apr-24,03-Dec-24,Research & Development,Laboratory Technician,No,Rarely,No,Female,Single,Technical Degree,4,72250,4,24,Technical Skills,Internal,Passed,352.74,5,3,3
EMP1062,10-Apr-25,05-Sep-67,59,1,15-Sep-25,25-Jun-25,Human Resources,HR Manager,No,Frequently,No,Female,Single,Human Resources,4,88252,6,28,Communication Skills,Internal,Passed,973.83,2,4,4
EMP1063,13-Sep-15,17-Jan-73,53,10,17-May-23,05-Dec-24,Research & Development,Manufacturing Director,No,Rarely,No,Female,Married,Life Sciences,3,68606,7,17,Leadership Development,External,Incomplete,596.98,2,5,5
EMP1064,13-May-16,14-Sep-01,25,10,04-Aug-23,29-Nov-24,Research & Development,Research Scientist,Yes,Rarely,Yes,Male,Married,Human Resources,3,38135,3,10,Customer Service,Internal,Incomplete,341.44,5,3,4
EMP1065,28-Sep-25,17-Aug-67,59,0,24-May-26,24-May-26,Research & Development,Research Director,No,Frequently,No,Female,Married,Human Resources,4,45812,1,28,Communication Skills,External,Passed,219.33,2,5,3
EMP1066,04-Jan-24,19-Dec-93,33,2,29-Apr-25,10-May-26,Research & Development,Research Director,No,Travel,No,Male,Single,Technical Degree,3,41360,1,9,Customer Service,External,Passed,928.17,4,3,3
EMP1067,24-Jul-24,27-Dec-93,33,1,18-Mar-25,28-Mar-25,Sales,Sales Representative,No,Travel,No,Female,Divorced,Other,4,54241,2,20,Communication Skills,External,Completed,426.13,3,4,4
EMP1068,03-Jun-17,13-Feb-96,30,9,06-Dec-19,10-Feb-26,Sales,Sales Representative,Yes,Frequently,Yes,Male,Married,Human Resources,3,61341,3,8,Communication Skills,Internal,Incomplete,376.03,4,2,4
EMP1069,30-Dec-25,20-Oct-62,64,0,04-Feb-26,15-May-25,Research & Development,Manufacturing Director,No,Frequently,No,Male,Married,Medical,1,41691,6,28,Customer Service,Internal,Failed,872.17,5,4,4
EMP1070,12-Dec-24,13-Sep-84,42,1,02-Sep-25,08-Mar-25,Sales,Area Sales Manager,No,Rarely,Yes,Male,Married,Marketing,5,94413,7,15,Project Management,External,Failed,643.96,5,3,3
EMP1071,25-Aug-16,23-Oct-78,48,9,21-Sep-20,24-Jul-25,Sales,Sales Representative,No,Rarely,No,Female,Single,Marketing,4,38494,2,13,Communication Skills,External,Completed,251.77,3,5,5
EMP1072,23-Oct-16,13-May-89,37,9,16-Mar-21,22-May-25,Sales,Sales Representative,Yes,Rarely,Yes,Female,Divorced,Life Sciences,5,91922,6,28,Leadership Development,Internal,Passed,479.36,3,3,4
EMP1073,23-Mar-22,15-May-83,43,4,02-Apr-23,15-Mar-25,Sales,Sales Representative,No,Rarely,No,Male,Married,Other,2,88703,6,21,Customer Service,External,Incomplete,935.41,5,3,1
EMP1074,30-Apr-18,14-Mar-96,30,8,04-Mar-26,26-Feb-25,Sales,Sales Representative,No,Rarely,No,Male,Married,Life Sciences,4,82966,4,17,Project Management,External,Passed,911.08,5,5,1
EMP1075,22-Jun-16,24-Dec-66,60,9,07-Dec-23,06-May-26,Human Resources,Recruiter,No,Rarely,Yes,Male,Single,Technical Degree,3,51124,5,9,Customer Service,Internal,Failed,163.1,1,3,4
EMP1076,30-Oct-17,27-May-72,54,8,14-Jul-21,09-May-26,Research & Development,Research Scientist,No,Rarely,Yes,Male,Widowed,Technical Degree,4,71849,7,24,Technical Skills,Internal,Failed,341.75,4,3,4
EMP1077,02-Mar-21,23-Jun-69,57,5,03-Aug-25,12-Dec-25,Research & Development,Manufacturing Director,No,Rarely,No,Male,Married,Life Sciences,4,39452,6,21,Leadership Development,External,Failed,239.09,2,4,4
EMP1078,17-Apr-22,07-Nov-69,57,4,11-Feb-24,18-Nov-24,Research & Development,Research Director,No,Rarely,No,Female,Single,Other,2,83218,1,11,Technical Skills,Internal,Completed,580.43,5,5,4
EMP1079,18-Jul-23,20-Apr-92,34,2,31-Jan-26,05-Aug-24,Sales,Sales Executive,Yes,Rarely,Yes,Male,Single,Other,5,63520,6,4,Communication Skills,Internal,Incomplete,774.98,2,3,3
EMP1080,12-Aug-21,12-Nov-86,40,4,06-May-24,05-Aug-25,Human Resources,HR Manager,No,Rarely,Yes,Female,Divorced,Technical Degree,3,56813,2,24,Communication Skills,Internal,Completed,365.99,4,2,5
EMP1081,05-Mar-25,23-Mar-61,65,1,20-Mar-25,18-Jun-24,Research & Development,Research Director,No,Frequently,Yes,Female,Married,Medical,4,40525,7,25,Technical Skills,External,Completed,782.2,4,3,5
EMP1082,04-May-26,17-Mar-63,63,0,08-May-26,25-Dec-25,Sales,Sales Executive,No,Frequently,No,Male,Married,Life Sciences,5,30000,6,7,Technical Skills,External,Passed,701.84,5,5,1
EMP1083,25-Aug-24,21-Dec-70,56,1,24-Dec-25,24-Jan-25,Research & Development,Research Director,No,Rarely,No,Female,Married,Marketing,5,44229,7,20,Communication Skills,Internal,Completed,755.4,5,1,5
EMP1084,23-Mar-17,04-Dec-84,42,9,28-Jun-18,27-Mar-25,Research & Development,Research Scientist,No,Rarely,No,Male,Married,Medical,5,87255,1,23,Project Management,Internal,Passed,953.42,2,3,4
EMP1085,26-Jul-17,16-Sep-82,44,8,04-Jul-21,25-Jan-26,Human Resources,HR Manager,No,Rarely,Yes,Female,Married,Technical Degree,3,56943,1,22,Leadership Development,Internal,Passed,482.15,4,4,4
EMP1086,28-Oct-19,22-Oct-67,59,6,10-Mar-25,27-Jul-25,Research & Development,Manufacturing Director,No,Rarely,No,Male,Single,Other,2,61613,2,27,Customer Service,External,Passed,408.31,5,1,4
EMP1087,24-Aug-24,24-Nov-78,48,1,09-Dec-25,09-May-25,Research & Development,Research Scientist,No,Rarely,Yes,Male,Married,Technical Degree,3,78111,1,28,Technical Skills,Internal,Completed,715.46,4,3,5
EMP1088,16-Feb-25,28-May-70,56,1,25-Apr-26,28-Jan-25,Sales,Sales Representative,No,Rarely,Yes,Male,Widowed,Other,4,101113,3,3,Leadership Development,External,Incomplete,826.8,4,5,5
EMP1089,15-Feb-20,17-Jan-77,49,6,14-Jan-22,19-Feb-26,Human Resources,Recruiter,No,Rarely,No,Female,Single,Technical Degree,4,91500,3,10,Customer Service,Internal,Completed,272.3,4,1,4
EMP1090,12-Apr-24,13-Jan-98,28,2,26-Jan-25,06-Nov-24,Sales,Area Sales Manager,No,Rarely,No,Male,Married,Marketing,3,45553,5,3,Customer Service,Internal,Passed,862.12,3,4,3
EMP1091,08-Aug-22,22-Jan-95,31,3,21-Jul-24,20-Jul-24,Human Resources,Recruiter,No,Travel,Yes,Male,Married,Other,4,30000,7,1,Technical Skills,Internal,Passed,152.07,4,5,4
EMP1092,04-Mar-25,09-Apr-01,25,1,07-Jan-26,25-Jan-25,Research & Development,Research Director,No,Travel,No,Male,Married,Marketing,3,112192,3,14,Project Management,External,Failed,105.75,2,3,2
EMP1093,11-Dec-23,22-May-94,32,2,21-Jul-25,05-Aug-24,Research & Development,Research Scientist,No,Rarely,No,Female,Divorced,Other,3,110379,2,13,Project Management,External,Passed,242.58,3,3,4
EMP1094,30-Apr-24,27-Mar-88,38,2,07-Sep-24,21-Nov-24,Research & Development,Research Director,No,Rarely,No,Male,Married,Medical,4,68769,6,5,Leadership Development,External,Passed,980.8,5,5,5
EMP1095,17-Feb-17,26-Dec-01,25,9,29-Oct-22,10-Jul-24,Sales,Sales Executive,No,Rarely,No,Male,Single,Life Sciences,4,39590,3,8,Leadership Development,Internal,Completed,571.21,1,4,3
EMP1096,04-Jan-22,25-Apr-86,40,4,02-Aug-22,06-Dec-24,Sales,Sales Representative,No,Rarely,Yes,Male,Widowed,Other,5,84264,5,12,Communication Skills,Internal,Incomplete,141.91,3,2,2
EMP1097,28-Jul-24,12-Jan-70,56,1,16-Sep-25,03-Nov-24,Sales,Sales Representative,No,Travel,No,Male,Married,Technical Degree,3,62840,7,6,Project Management,External,Failed,997.46,3,3,4
EMP1098,04-Jan-22,20-Feb-76,50,4,05-Jan-26,15-Feb-25,Sales,Sales Executive,Yes,Rarely,No,Male,Divorced,Other,4,62740,4,24,Leadership Development,External,Passed,770.42,2,4,3
EMP1099,19-Sep-20,18-Dec-61,65,5,01-Dec-21,09-Feb-25,Research & Development,Laboratory Technician,No,Frequently,No,Female,Married,Other,2,82889,4,23,Communication Skills,External,Completed,854.2,5,3,3
EMP1100,25-May-23,21-Dec-90,36,3,22-Mar-25,13-Nov-24,Research & Development,Laboratory Technician,No,Rarely,No,Female,Divorced,Life Sciences,3,71687,2,2,Customer Service,Internal,Completed,291.65,4,4,4
EMP1101,04-Jun-18,08-Jul-69,57,8,28-Aug-24,02-Jan-26,Sales,Sales Executive,No,Travel,Yes,Female,Single,Technical Degree,4,41283,5,24,Leadership Development,Internal,Incomplete,194.9,2,5,5
EMP1102,21-Aug-25,10-Dec-72,54,0,26-Sep-25,09-Jan-25,Human Resources,Recruiter,No,Rarely,No,Male,Single,Marketing,5,58505,3,4,Communication Skills,Internal,Passed,563.58,3,3,4
EMP1103,03-Jul-16,13-Jan-62,64,9,22-May-25,15-Apr-26,Research & Development,Research Scientist,No,Frequently,Yes,Male,Divorced,Technical Degree,3,78223,5,27,Project Management,External,Failed,794.96,3,5,4
EMP1104,17-Jan-17,26-Jul-80,46,9,07-Jun-20,07-May-25,Human Resources,Recruiter,No,Rarely,No,Female,Single,Human Resources,3,75205,1,5,Customer Service,External,Incomplete,674.0,2,4,4
EMP1105,30-Nov-16,18-Jun-61,65,9,21-Nov-22,15-Sep-25,Human Resources,HR Manager,No,Rarely,No,Male,Single,Medical,4,70240,5,11,Leadership Development,External,Passed,667.95,4,2,2
EMP1106,02-Feb-17,24-Jan-01,25,9,05-Apr-22,21-Jan-25,Sales,Sales Representative,Yes,Rarely,No,Male,Married,Technical Degree,3,83668,3,13,Project Management,Internal,Completed,781.39,3,4,5
EMP1107,07-Sep-24,20-Apr-88,38,1,22-Oct-25,14-Oct-24,Research & Development,Laboratory Technician,No,Rarely,No,Male,Divorced,Human Resources,5,57765,2,8,Customer Service,External,Passed,304.32,4,4,4
EMP1108,02-Mar-17,21-Apr-76,50,9,15-Oct-23,21-May-25,Research & Development,Laboratory Technician,No,Travel,No,Female,Single,Life Sciences,4,68573,1,21,Technical Skills,Internal,Failed,695.37,2,3,5
EMP1109,11-May-23,25-Jun-63,63,3,03-Sep-25,18-Sep-24,Research & Development,Manufacturing Director,No,Travel,No,Female,Divorced,Human Resources,2,30000,5,5,Project Management,Internal,Completed,452.9,3,3,5
EMP1110,01-Dec-17,24-Sep-67,59,8,04-Aug-20,19-Jul-24,Sales,Sales Representative,No,Frequently,No,Female,Married,Technical Degree,4,56006,4,6,Technical Skills,External,Failed,162.78,1,4,3
EMP1111,06-May-16,25-Apr-66,60,10,23-Apr-23,15-Jun-25,Research & Development,Laboratory Technician,No,Rarely,Yes,Female,Married,Other,4,80278,3,15,Leadership Development,External,Completed,281.93,2,4,5
EMP1112,24-May-22,15-May-92,34,4,05-Oct-23,24-Aug-25,Sales,Sales Executive,No,Frequently,No,Female,Divorced,Medical,3,57192,2,23,Communication Skills,External,Failed,814.6,5,5,5
EMP1113,28-Sep-17,03-Nov-93,33,8,20-Nov-23,18-Jul-25,Sales,Sales Executive,No,Rarely,Yes,Female,Married,Life Sciences,4,55675,6,25,Leadership Development,External,Incomplete,906.34,2,5,4
EMP1114,19-Mar-24,24-Mar-93,33,2,28-Aug-24,10-Apr-26,Research & Development,Manufacturing Director,No,Rarely,No,Male,Single,Technical Degree,2,44170,3,16,Project Management,Internal,Failed,354.54,1,3,3
EMP1115,06-Dec-22,13-Feb-72,54,3,19-Aug-25,14-May-26,Research & Development,Manufacturing Director,No,Rarely,No,Female,Single,Life Sciences,4,85067,5,11,Technical Skills,External,Passed,271.32,5,4,4
EMP1116,26-Jun-24,09-Jul-02,24,1,24-Jul-25,15-Oct-24,Research & Development,Research Director,No,Rarely,No,Male,Married,Other,3,75969,7,7,Technical Skills,External,Failed,124.05,4,1,3
EMP1117,26-Feb-16,05-May-69,57,10,22-Nov-16,26-Apr-26,Sales,Sales Representative,No,Rarely,No,Female,Married,Life Sciences,5,81508,2,6,Customer Service,Internal,Completed,952.93,2,2,4
EMP1118,14-Jun-21,28-Oct-94,32,4,12-May-23,31-Jan-26,Research & Development,Research Director,No,Rarely,Yes,Female,Divorced,Human Resources,3,30475,4,12,Leadership Development,External,Completed,715.47,5,2,1
EMP1119,03-Jan-22,11-Jan-88,38,4,05-Mar-23,01-Jun-25,Sales,Sales Executive,Yes,Rarely,Yes,Female,Married,Technical Degree,3,61790,1,26,Leadership Development,External,Failed,961.33,2,4,4
EMP1120,20-Nov-22,05-Dec-75,51,3,14-Mar-26,19-Jun-25,Sales,Area Sales Manager,No,Frequently,No,Female,Married,Marketing,5,59397,5,4,Project Management,Internal,Failed,877.46,4,2,5
EMP1121,28-Apr-17,11-Mar-02,24,9,26-Feb-22,22-Oct-24,Research & Development,Manufacturing Director,No,Rarely,No,Male,Married,Life Sciences,2,59388,2,14,Technical Skills,Internal,Completed,406.42,1,3,3
EMP1122,19-May-26,25-Jan-66,60,0,01-Jun-26,15-May-26,Human Resources,HR Generalist,No,Rarely,No,Female,Single,Technical Degree,3,52679,1,11,Project Management,Internal,Completed,201.41,4,3,4
EMP1123,09-Oct-19,27-Oct-64,62,6,17-Feb-26,09-Sep-24,Research & Development,Manufacturing Director,No,Rarely,No,Male,Single,Technical Degree,3,58077,7,26,Project Management,External,Completed,549.15,4,3,3
EMP1124,21-Jun-18,16-May-62,64,7,22-Apr-22,27-Jun-25,Research & Development,Laboratory Technician,No,Rarely,No,Male,Divorced,Medical,3,81992,2,12,Technical Skills,External,Completed,124.13,2,5,4
EMP1125,25-Oct-25,12-Sep-68,58,0,13-Mar-26,18-May-25,Research & Development,Manufacturing Director,No,Rarely,Yes,Male,Single,Other,5,30000,6,2,Project Management,External,Failed,234.92,4,5,4
EMP1126,12-Jan-20,11-Dec-00,26,6,05-Sep-22,04-Mar-26,Research & Development,Research Director,No,Rarely,Yes,Male,Single,Medical,4,100545,5,11,Technical Skills,Internal,Passed,310.09,4,4,3
EMP1127,05-Jun-17,06-Apr-71,55,9,14-May-19,30-Mar-25,Sales,Sales Executive,No,Rarely,No,Male,Married,Marketing,2,74676,2,13,Project Management,External,Passed,699.08,4,4,4
EMP1128,08-Nov-22,26-Feb-71,55,3,16-Apr-23,23-Jun-25,Research & Development,Research Director,No,Rarely,No,Female,Married,Technical Degree,4,64153,4,11,Communication Skills,External,Incomplete,558.89,5,4,5
EMP1129,31-Mar-23,14-Mar-72,54,3,21-Dec-25,11-Jun-25,Research & Development,Manufacturing Director,Yes,Rarely,No,Male,Divorced,Life Sciences,4,83136,7,9,Project Management,Internal,Passed,372.18,4,4,3
EMP1130,30-Jul-17,13-Sep-70,56,8,10-Nov-18,16-Apr-25,Sales,Sales Manager,No,Frequently,No,Female,Single,Other,5,35963,2,26,Project Management,External,Failed,608.29,3,4,4
EMP1131,01-Apr-21,08-Jun-99,27,5,26-Jul-24,17-Jun-25,Research & Development,Research Director,No,Rarely,No,Female,Single,Marketing,3,51705,5,27,Communication Skills,External,Incomplete,212.68,4,2,4
EMP1132,27-Jan-20,11-Nov-91,35,6,06-Apr-25,15-Apr-26,Research & Development,Research Scientist,No,Rarely,No,Male,Single,Life Sciences,4,62578,2,21,Leadership Development,Internal,Passed,780.14,4,3,3
EMP1133,16-Aug-24,10-Jun-83,43,1,15-Jul-25,03-Aug-24,Sales,Area Sales Manager,Yes,Frequently,Yes,Male,Married,Marketing,4,92311,1,16,Technical Skills,Internal,Completed,740.83,3,3,5
EMP1134,04-Aug-15,17-Oct-91,35,10,24-Oct-21,04-Oct-25,Sales,Area Sales Manager,No,Rarely,Yes,Male,Married,Technical Degree,4,64070,1,5,Customer Service,External,Completed,294.85,4,3,4
EMP1135,30-Dec-20,27-Sep-74,52,5,17-Jul-21,01-Oct-25,Research & Development,Research Director,Yes,Rarely,Yes,Female,Married,Technical Degree,4,74001,7,27,Communication Skills,External,Incomplete,645.75,4,3,3
EMP1136,26-Aug-15,04-Jan-63,63,10,13-Nov-24,14-Oct-25,Sales,Sales Representative,No,Frequently,No,Male,Divorced,Technical Degree,3,53208,6,12,Leadership Development,External,Passed,552.97,5,4,3
EMP1137,17-Jan-19,15-Jun-62,64,7,14-Jan-24,17-Aug-24,Research & Development,Manufacturing Director,No,Rarely,No,Female,Divorced,Life Sciences,4,74736,3,3,Project Management,External,Passed,154.73,4,4,4
EMP1138,16-Feb-21,20-Nov-89,37,5,11-Feb-22,27-Jul-25,Research & Development,Laboratory Technician,No,Rarely,No,Female,Single,Medical,4,98544,7,29,Leadership Development,Internal,Incomplete,350.34,2,1,4
EMP1139,06-Dec-21,02-Apr-65,61,4,28-Aug-23,13-Oct-24,Research & Development,Research Director,Yes,Rarely,Yes,Female,Married,Human Resources,5,84910,6,16,Communication Skills,Internal,Passed,999.53,4,3,4
EMP1140,15-Aug-22,13-Jun-61,65,3,23-Nov-24,17-Mar-26,Research & Development,Manufacturing Director,No,Rarely,No,Male,Married,Life Sciences,3,63370,7,19,Project Management,External,Failed,189.58,5,4,4
EMP1141,15-Nov-22,09-Jul-97,29,3,06-Apr-23,07-Jul-24,Research & Development,Laboratory Technician,No,Rarely,Yes,Female,Widowed,Other,4,78509,3,17,Leadership Development,Internal,Completed,555.77,5,2,4
EMP1142,20-Feb-15,10-Dec-70,56,11,29-Jul-17,05-Apr-26,Sales,Area Sales Manager,No,Rarely,No,Male,Widowed,Life Sciences,5,76550,4,28,Customer Service,External,Passed,864.4,5,1,4
EMP1143,26-Jan-19,27-Sep-03,23,7,03-Oct-25,03-Aug-25,Research & Development,Laboratory Technician,No,Rarely,No,Male,Single,Human Resources,4,75131,1,11,Technical Skills,Internal,Incomplete,370.59,5,5,4
EMP1144,19-Mar-18,26-Sep-81,45,8,18-Jun-22,14-Feb-26,Research & Development,Research Director,No,Rarely,No,Male,Married,Marketing,5,87239,3,21,Technical Skills,Internal,Completed,334.64,3,4,5
EMP1145,28-Dec-23,16-Aug-72,54,2,27-Nov-24,01-Jul-25,Sales,Area Sales Manager,No,Rarely,No,Male,Married,Technical Degree,5,87089,2,19,Communication Skills,Internal,Passed,901.71,4,5,5
EMP1146,24-Jul-16,21-May-02,24,9,07-Feb-22,20-Dec-25,Research & Development,Manufacturing Director,No,Rarely,No,Male,Single,Life Sciences,3,62456,4,27,Project Management,Internal,Passed,374.35,4,5,4
EMP1147,08-Mar-18,17-Jun-92,34,8,31-May-25,22-May-26,Research & Development,Research Scientist,No,Rarely,No,Male,Single,Life Sciences,4,77837,5,18,Project Management,External,Passed,686.34,3,5,4
EMP1148,09-Sep-15,06-Feb-99,27,10,03-Feb-23,07-Dec-24,Research & Development,Research Director,No,Rarely,No,Male,Married,Medical,3,57338,3,27,Technical Skills,Internal,Passed,766.28,3,1,3
EMP1149,21-Jan-17,01-Sep-70,56,9,29-Sep-17,13-Jul-25,Research & Development,Laboratory Technician,No,Rarely,No,Female,Married,Life Sciences,4,46538,7,9,Leadership Development,External,Completed,809.76,5,2,3
EMP1150,29-Oct-19,07-Feb-64,62,6,02-Nov-20,04-May-26,Research & Development,Manufacturing Director,No,Travel,No,Male,Single,Medical,3,59610,6,13,Project Management,External,Passed,995.28,4,3,4
EMP1151,09-Jun-23,25-Nov-62,64,3,27-Aug-24,25-Feb-25,Research & Development,Manufacturing Director,Yes,Rarely,Yes,Male,Married,Technical Degree,4,63474,3,26,Customer Service,External,Passed,822.87,5,2,4
EMP1152,01-Jun-24,14-Nov-91,35,2,21-Oct-24,07-Aug-24,Research & Development,Laboratory Technician,Yes,Rarely,No,Female,Single,Technical Degree,4,31768,6,6,Customer Service,Internal,Incomplete,691.31,5,4,3
EMP1153,05-Mar-25,18-Apr-98,28,1,02-Jun-26,05-Apr-25,Research & Development,Research Director,No,Rarely,Yes,Female,Married,Human Resources,4,82206,7,3,Project Management,External,Failed,905.92,2,4,4
EMP1154,24-Aug-22,27-Nov-77,49,3,25-Nov-25,07-Nov-24,Research & Development,Research Scientist,No,Rarely,No,Male,Single,Technical Degree,3,30000,7,23,Project Management,Internal,Passed,915.17,5,5,5
EMP1155,13-Jul-18,22-Dec-00,26,7,30-Aug-25,31-Dec-24,Research & Development,Research Scientist,No,Travel,Yes,Female,Single,Technical Degree,5,119296,6,12,Technical Skills,External,Incomplete,975.85,1,5,5
EMP1156,20-Apr-23,15-Jan-95,31,3,20-Apr-23,06-Apr-25,Research & Development,Manufacturing Director,No,Rarely,No,Male,Married,Marketing,2,95037,1,9,Communication Skills,External,Passed,798.82,4,4,4
EMP1157,27-Dec-21,03-Jan-83,43,4,26-Mar-26,11-Sep-25,Sales,Sales Executive,No,Travel,No,Female,Single,Marketing,1,59779,4,9,Technical Skills,Internal,Incomplete,275.43,2,4,4
EMP1158,11-Apr-22,06-Jan-00,26,4,05-Feb-23,22-May-26,Research & Development,Manufacturing Director,No,Rarely,No,Male,Married,Marketing,3,65188,6,15,Communication Skills,External,Completed,738.83,3,3,2
EMP1159,26-Nov-16,03-Sep-88,38,9,24-Apr-24,29-Jun-24,Research & Development,Laboratory Technician,No,Frequently,No,Female,Single,Human Resources,5,71059,1,1,Customer Service,Internal,Completed,167.62,5,3,4
EMP1160,06-Mar-16,09-Apr-68,58,10,07-Nov-17,16-Feb-25,Sales,Sales Representative,Yes,Rarely,No,Male,Married,Medical,5,53216,1,18,Communication Skills,Internal,Completed,386.17,3,5,5
EMP1161,28-Jun-18,15-Jul-78,48,7,27-Jul-23,17-Oct-24,Research & Development,Research Director,No,Frequently,Yes,Male,Single,Life Sciences,4,68852,6,15,Technical Skills,External,Failed,204.23,4,1,5
EMP1162,13-Jul-18,14-Jul-64,62,7,27-Jun-24,20-May-26,Sales,Sales Executive,Yes,Rarely,Yes,Male,Married,Technical Degree,5,62120,4,8,Project Management,Internal,Completed,954.95,2,4,4
EMP1163,12-Feb-16,13-Jan-84,42,10,20-May-19,22-Jul-25,Sales,Sales Representative,Yes,Rarely,No,Male,Married,Medical,3,63114,2,11,Communication Skills,External,Completed,404.88,1,5,1
EMP1164,30-Oct-16,18-Feb-61,65,9,15-Mar-21,21-May-25,Research & Development,Manufacturing Director,No,Rarely,No,Female,Single,Other,5,68629,7,17,Technical Skills,External,Passed,741.89,3,2,4
EMP1165,07-Feb-21,24-Nov-04,22,5,21-Jul-24,04-Nov-24,Sales,Sales Executive,No,Rarely,Yes,Female,Married,Other,2,38729,3,27,Customer Service,Internal,Failed,614.19,4,5,4
EMP1166,08-Dec-24,25-Feb-65,61,1,10-Mar-26,08-May-25,Research & Development,Research Director,No,Travel,No,Female,Single,Life Sciences,2,65791,1,28,Communication Skills,Internal,Incomplete,196.76,2,1,5
EMP1167,05-Jul-24,23-Jan-67,59,1,21-Jan-25,16-Jul-25,Research & Development,Manufacturing Director,No,Rarely,No,Male,Married,Life Sciences,2,68268,3,27,Customer Service,Internal,Failed,605.21,3,5,2
EMP1168,22-Nov-25,17-Jun-00,26,0,13-Jan-26,02-Nov-24,Research & Development,Manufacturing Director,No,Rarely,No,Female,Single,Marketing,4,67576,4,14,Customer Service,Internal,Incomplete,694.92,4,3,4
EMP1169,30-Nov-24,26-May-98,28,1,20-Oct-25,03-Mar-26,Sales,Sales Representative,No,Frequently,No,Female,Married,Technical Degree,4,60683,2,19,Leadership Development,Internal,Failed,893.37,2,2,2
EMP1170,15-Apr-24,20-May-61,65,2,15-Feb-25,27-Jan-25,Sales,Sales Executive,Yes,Rarely,Yes,Male,Married,Medical,3,87757,5,27,Communication Skills,External,Failed,163.08,3,2,4
EMP1171,15-Feb-21,25-May-99,27,5,27-Apr-24,01-Mar-26,Research & Development,Manufacturing Director,No,Travel,No,Male,Widowed,Human Resources,5,57926,7,23,Technical Skills,External,Passed,366.07,5,4,4
EMP1172,01-Nov-19,13-Jul-76,50,6,01-Apr-23,04-Jul-24,Human Resources,HR Generalist,No,Frequently,No,Male,Married,Technical Degree,4,69546,7,24,Communication Skills,External,Passed,723.11,3,5,4
EMP1173,21-Jul-17,16-Jan-62,64,8,05-Jun-22,20-Jul-24,Research & Development,Laboratory Technician,No,Rarely,Yes,Female,Married,Medical,3,90945,2,5,Communication Skills,Internal,Failed,130.9,3,4,4
EMP1174,28-Sep-22,08-Sep-94,32,3,02-Sep-24,13-Nov-25,Sales,Sales Manager,Yes,Frequently,Yes,Female,Married,Life Sciences,4,63412,4,2,Customer Service,External,Failed,283.2,4,5,4
EMP1175,22-Aug-24,13-Dec-96,30,1,21-Nov-24,02-Jul-25,Research & Development,Manufacturing Director,No,Rarely,No,Male,Widowed,Human Resources,4,69289,2,15,Customer Service,External,Failed,296.8,4,5,3
EMP1176,27-Jun-17,21-May-70,56,8,08-Jan-24,19-Jan-25,Research & Development,Research Director,No,Rarely,Yes,Female,Married,Medical,5,63072,7,19,Customer Service,Internal,Completed,702.39,4,1,3
EMP1177,09-May-21,22-May-95,31,5,25-May-21,13-Jan-25,Research & Development,Research Scientist,No,Rarely,No,Male,Single,Human Resources,4,89747,5,25,Customer Service,Internal,Completed,357.36,5,4,5
EMP1178,30-Nov-25,01-Jun-63,63,0,05-May-26,28-Jul-24,Sales,Sales Manager,No,Rarely,No,Male,Divorced,Marketing,4,59845,1,16,Technical Skills,Internal,Completed,639.64,1,3,3
EMP1179,01-Dec-21,05-Sep-69,57,4,11-Oct-24,29-Jun-25,Research & Development,Laboratory Technician,No,Frequently,No,Male,Married,Technical Degree,3,90667,2,13,Project Management,External,Passed,968.81,5,4,2
EMP1180,08-Jan-16,01-Jan-97,29,10,20-Jul-20,23-Dec-25,Research & Development,Research Director,No,Travel,No,Female,Divorced,Other,4,62928,6,27,Leadership Development,External,Failed,813.92,5,2,3
EMP1181,12-Dec-19,13-Oct-68,58,6,17-May-21,20-Sep-24,Human Resources,HR Generalist,No,Rarely,No,Male,Divorced,Other,5,47810,6,29,Customer Service,External,Passed,399.61,5,3,3
EMP1182,12-Nov-23,03-Sep-70,56,2,02-Apr-26,09-Aug-25,Sales,Sales Representative,No,Rarely,No,Male,Single,Marketing,1,78587,4,26,Customer Service,External,Failed,525.16,3,4,4
EMP1183,24-Mar-16,24-Apr-85,41,10,11-Jul-19,04-Jun-25,Research & Development,Research Director,No,Travel,No,Male,Married,Medical,5,58906,7,7,Leadership Development,External,Passed,280.61,5,3,4
EMP1184,04-Mar-15,14-Apr-82,44,11,27-Jul-16,22-Mar-25,Human Resources,HR Generalist,No,Rarely,No,Female,Single,Human Resources,4,77410,7,29,Customer Service,Internal,Passed,114.15,2,4,5
EMP1185,02-Aug-19,05-Sep-63,63,6,22-Sep-23,17-Nov-25,Sales,Area Sales Manager,No,Rarely,No,Female,Single,Marketing,3,30000,2,17,Project Management,External,Passed,360.74,4,5,4
EMP1186,05-Oct-21,08-Mar-94,32,4,02-Nov-24,19-Jan-25,Human Resources,Healthcare Representative,No,Rarely,No,Female,Single,Life Sciences,5,65104,5,19,Communication Skills,External,Passed,432.47,2,1,1
EMP1187,27-Sep-19,07-May-65,61,6,01-May-20,30-Aug-24,Research & Development,Laboratory Technician,No,Travel,No,Male,Married,Other,4,55807,4,25,Leadership Development,Internal,Failed,607.93,5,4,4
EMP1188,29-Jan-18,22-Mar-97,29,8,01-Feb-18,26-Mar-26,Sales,Area Sales Manager,No,Rarely,Yes,Male,Single,Life Sciences,3,43734,2,7,Technical Skills,External,Incomplete,949.66,4,4,5
EMP1189,24-Sep-20,28-Jan-68,58,5,04-Oct-24,10-Dec-24,Sales,Area Sales Manager,No,Frequently,Yes,Female,Single,Life Sciences,3,53935,4,12,Leadership Development,Internal,Passed,953.07,1,1,5
EMP1190,29-Jun-21,21-Aug-69,57,4,08-Feb-22,04-Nov-25,Research & Development,Manufacturing Director,No,Frequently,No,Male,Married,Life Sciences,3,53525,6,13,Project Management,Internal,Completed,163.09,5,4,4
EMP1191,11-May-22,10-Feb-69,57,4,09-Dec-23,21-Aug-25,Sales,Area Sales Manager,No,Rarely,No,Female,Single,Technical Degree,5,64040,5,29,Technical Skills,External,Failed,653.18,4,3,3
EMP1192,09-Sep-17,09-Feb-62,64,8,14-Jan-18,13-Sep-25,Research & Development,Research Scientist,No,Rarely,Yes,Male,Single,Technical Degree,4,37653,1,13,Communication Skills,External,Passed,138.12,4,3,5
EMP1193,05-Mar-15,24-Apr-98,28,11,13-Jun-20,24-Apr-26,Sales,Area Sales Manager,No,Frequently,No,Male,Single,Medical,5,71325,5,14,Customer Service,External,Passed,683.27,3,2,4
EMP1194,26-Feb-26,11-Aug-67,59,0,22-Apr-26,11-Aug-25,Research & Development,Research Scientist,No,Rarely,Yes,Female,Married,Medical,3,92324,1,15,Leadership Development,External,Passed,205.93,5,4,4
EMP1195,28-Aug-24,22-Mar-82,44,1,24-Apr-26,01-Nov-24,Sales,Sales Representative,No,Frequently,No,Female,Married,Medical,2,70618,7,2,Technical Skills,External,Completed,951.76,4,4,2
EMP1196,10-Dec-18,04-Apr-63,63,7,12-May-23,26-Apr-25,Research & Development,Manufacturing Director,No,Travel,No,Female,Single,Technical Degree,1,81179,3,6,Leadership Development,External,Passed,877.9,3,3,4
EMP1197,24-Nov-17,03-Oct-86,40,8,27-Nov-24,23-Oct-25,Human Resources,HR Generalist,No,Rarely,No,Male,Widowed,Life Sciences,4,86891,6,9,Communication Skills,Internal,Passed,120.1,4,2,2
EMP1198,12-Jul-23,16-Jun-92,34,2,23-Apr-25,10-Sep-24,Human Resources,HR Manager,No,Frequently,No,Male,Married,Other,5,89729,7,15,Leadership Development,Internal,Passed,803.92,4,5,2
EMP1199,29-Feb-20,20-Jun-76,50,6,14-Jun-24,09-Mar-26,Research & Development,Research Director,No,Frequently,Yes,Male,Single,Medical,4,102402,6,20,Technical Skills,Internal,Failed,672.31,4,5,3
EMP1200,22-Mar-26,23-May-62,64,0,12-May-26,27-Oct-24,Sales,Sales Manager,Yes,Frequently,Yes,Female,Single,Other,3,55015,6,16,Project Management,Internal,Completed,545.83,3,4,3
EMP1201,11-Dec-22,19-Mar-67,59,3,30-Jan-25,06-Mar-26,Research & Development,Manufacturing Director,No,Rarely,No,Male,Married,Life Sciences,5,50630,5,26,Technical Skills,Internal,Passed,642.37,3,3,4
EMP1202,13-Aug-16,26-Jun-68,58,9,30-Jun-21,13-Oct-24,Sales,Sales Executive,No,Rarely,No,Female,Married,Human Resources,4,80669,1,2,Leadership Development,External,Failed,710.43,4,2,3
EMP1203,27-Nov-23,06-Jul-84,42,2,07-Jun-25,02-Jul-25,Sales,Area Sales Manager,No,Rarely,No,Male,Single,Medical,1,79165,3,3,Communication Skills,External,Failed,896.01,5,5,1
EMP1204,13-Dec-15,08-Jun-04,22,10,26-Apr-18,05-Sep-25,Sales,Sales Executive,No,Rarely,No,Female,Single,Life Sciences,5,80513,3,23,Customer Service,Internal,Passed,790.62,4,2,3
EMP1205,13-Oct-24,24-Dec-90,36,1,08-Apr-25,04-Apr-26,Research & Development,Laboratory Technician,No,Rarely,No,Male,Divorced,Other,3,102785,3,20,Customer Service,Internal,Passed,617.84,3,1,2
EMP1206,03-Jun-15,09-Jul-63,63,11,29-Sep-20,08-Nov-24,Research & Development,Manufacturing Director,No,Frequently,Yes,Male,Single,Other,2,65227,7,23,Communication Skills,Internal,Failed,842.15,3,4,4
EMP1207,24-Apr-25,22-Mar-81,45,1,04-Jul-25,15-Dec-24,Research & Development,Manufacturing Director,No,Rarely,No,Male,Married,Marketing,3,73523,4,21,Leadership Development,Internal,Failed,988.23,4,4,3
EMP1208,29-Sep-16,15-Aug-83,43,9,08-Nov-18,10-Feb-25,Research & Development,Laboratory Technician,No,Rarely,No,Male,Divorced,Human Resources,4,45392,5,8,Communication Skills,Internal,Completed,370.16,5,4,3
EMP1209,08-Jan-22,25-Jun-76,50,4,18-Feb-25,31-Mar-25,Sales,Area Sales Manager,No,Rarely,Yes,Female,Married,Technical Degree,4,107706,5,8,Leadership Development,External,Completed,206.58,1,1,4
EMP1210,17-Aug-24,18-Aug-85,41,1,14-Sep-25,09-Nov-25,Human Resources,Recruiter,No,Frequently,No,Female,Single,Other,3,58269,7,21,Technical Skills,Internal,Passed,758.3,4,4,3
EMP1211,27-Jan-24,21-Mar-98,28,2,08-Jun-26,21-Jun-25,Research & Development,Research Director,No,Rarely,No,Male,Married,Medical,3,58835,6,7,Project Management,External,Passed,980.74,3,4,3
EMP1212,14-May-24,27-Feb-66,60,2,17-May-25,25-Mar-26,Research & Development,Manufacturing Director,No,Rarely,No,Female,Single,Technical Degree,4,58065,5,11,Leadership Development,External,Failed,205.04,2,4,5
EMP1213,29-Jun-21,18-Mar-87,39,4,15-Mar-26,13-Aug-24,Sales,Sales Manager,No,Rarely,No,Female,Married,Marketing,5,52102,5,22,Customer Service,Internal,Completed,488.54,1,3,4
EMP1214,01-Aug-17,24-May-92,34,8,05-Apr-22,06-Aug-25,Research & Development,Research Scientist,No,Frequently,No,Male,Married,Marketing,4,50411,4,13,Customer Service,Internal,Passed,156.04,5,4,5
EMP1215,01-Feb-24,24-Feb-64,62,2,07-Jul-24,11-Jan-25,Research & Development,Research Director,No,Rarely,No,Male,Divorced,Other,3,54525,5,8,Project Management,Internal,Incomplete,798.88,5,4,4
EMP1216,20-Jun-15,28-Jan-00,26,10,13-Sep-18,08-Aug-25,Sales,Sales Manager,No,Rarely,Yes,Female,Widowed,Life Sciences,3,37684,1,9,Leadership Development,Internal,Failed,953.84,1,4,5
EMP1217,14-Apr-22,01-Nov-72,54,4,15-Jan-26,25-Mar-25,Sales,Sales Executive,No,Travel,No,Female,Widowed,Life Sciences,3,49293,7,16,Project Management,Internal,Passed,549.09,4,4,3
EMP1218,08-Nov-18,13-Oct-67,59,7,05-Apr-20,01-Aug-24,Research & Development,Research Director,No,Frequently,Yes,Female,Divorced,Technical Degree,2,103979,3,5,Technical Skills,External,Completed,468.57,2,3,4
EMP1219,27-Apr-25,02-Apr-67,59,1,04-Jul-25,06-Dec-24,Research & Development,Manufacturing Director,No,Travel,No,Male,Married,Technical Degree,4,79713,4,23,Project Management,Internal,Passed,916.95,4,3,4
EMP1220,12-Feb-23,18-May-69,57,3,07-Mar-23,26-Jul-25,Sales,Sales Executive,Yes,Rarely,No,Male,Married,Life Sciences,4,83518,4,14,Technical Skills,External,Failed,220.05,4,1,5
EMP1221,22-Dec-16,21-Aug-70,56,9,11-Oct-17,19-Nov-25,Human Resources,HR Manager,Yes,Rarely,Yes,Male,Married,Marketing,4,88544,6,1,Customer Service,Internal,Failed,902.43,3,3,4
EMP1222,17-Oct-24,13-Jun-95,31,1,02-Nov-24,13-Apr-25,Sales,Area Sales Manager,No,Travel,No,Male,Married,Other,4,101682,5,27,Technical Skills,External,Passed,452.91,2,4,5
EMP1223,17-May-17,24-Oct-90,36,9,27-Dec-18,26-Apr-25,Research & Development,Research Scientist,No,Rarely,No,Female,Divorced,Medical,3,30000,3,24,Leadership Development,External,Completed,603.47,5,4,4
EMP1224,16-Jun-20,15-Mar-86,40,5,30-Nov-25,27-Sep-25,Human Resources,HR Generalist,No,Rarely,No,Male,Single,Technical Degree,3,40402,7,19,Leadership Development,Internal,Completed,575.46,4,1,4
EMP1225,09-Oct-24,03-Sep-72,54,1,30-Dec-25,10-Sep-24,Research & Development,Manufacturing Director,No,Rarely,No,Male,Divorced,Human Resources,4,48925,1,17,Leadership Development,Internal,Passed,654.38,1,5,5
EMP1226,25-Dec-23,17-Jun-79,47,2,12-May-24,31-Dec-24,Research & Development,Manufacturing Director,No,Rarely,No,Female,Divorced,Marketing,3,55605,7,22,Leadership Development,External,Passed,947.91,4,3,5
EMP1227,06-Oct-16,08-Nov-04,22,9,17-Sep-17,04-Mar-25,Research & Development,Research Scientist,No,Rarely,No,Male,Widowed,Other,3,58988,3,14,Communication Skills,External,Passed,956.01,5,3,4
EMP1228,17-Nov-23,06-Nov-65,61,2,05-Apr-24,24-Jul-24,Sales,Area Sales Manager,No,Rarely,Yes,Male,Divorced,Human Resources,3,56060,7,13,Technical Skills,Internal,Completed,848.03,4,1,3
EMP1229,16-Dec-21,15-Mar-72,54,4,23-Jul-25,28-Nov-24,Human Resources,Healthcare Representative,No,Rarely,No,Male,Single,Marketing,3,69386,2,8,Leadership Development,Internal,Passed,272.39,3,4,3
EMP1230,13-Aug-22,19-Mar-94,32,3,11-Dec-24,09-Dec-25,Research & Development,Manufacturing Director,No,Rarely,Yes,Male,Single,Technical Degree,2,65705,3,27,Project Management,Internal,Failed,400.16,4,4,3
EMP1231,21-Dec-19,28-Nov-68,58,6,30-Jan-25,23-May-26,Research & Development,Research Director,No,Travel,No,Female,Single,Technical Degree,5,50543,1,3,Project Management,Internal,Passed,539.04,4,5,2
EMP1232,21-Jun-22,24-Dec-95,31,3,15-May-26,07-Sep-24,Sales,Sales Representative,No,Rarely,No,Female,Single,Technical Degree,5,30000,1,1,Communication Skills,External,Passed,914.91,4,3,2
EMP1233,09-Oct-18,02-Jun-74,52,7,19-Jul-25,21-Jun-24,Sales,Area Sales Manager,No,Rarely,No,Male,Married,Other,3,45142,1,19,Technical Skills,External,Completed,568.78,5,3,4
EMP1234,17-Sep-16,08-Aug-90,36,9,26-Jun-21,30-Dec-24,Sales,Sales Executive,No,Frequently,Yes,Female,Divorced,Marketing,2,54015,4,15,Technical Skills,Internal,Completed,979.69,2,4,5
EMP1235,23-Jul-17,12-May-00,26,8,18-Jul-24,02-Dec-25,Research & Development,Laboratory Technician,No,Rarely,Yes,Male,Divorced,Medical,4,60058,7,21,Technical Skills,Internal,Failed,985.46,4,4,1
EMP1236,08-May-19,22-Jan-90,36,7,13-May-21,29-Oct-24,Research & Development,Laboratory Technician,No,Rarely,No,Male,Married,Medical,3,42406,4,27,Communication Skills,Internal,Completed,638.73,2,5,4
EMP1237,02-Nov-22,26-Sep-91,35,3,20-May-25,16-Jan-25,Research & Development,Laboratory Technician,No,Frequently,No,Male,Single,Life Sciences,3,55183,2,8,Technical Skills,External,Failed,889.75,2,3,3
EMP1238,16-Nov-22,16-Jul-81,45,3,24-Sep-25,05-Nov-25,Research & Development,Research Director,Yes,Rarely,Yes,Male,Single,Life Sciences,2,42380,3,9,Technical Skills,External,Passed,999.3,4,4,5
EMP1239,24-Apr-18,02-Jan-75,51,8,25-Jan-23,04-Aug-24,Human Resources,Healthcare Representative,Yes,Frequently,Yes,Male,Single,Other,3,62483,5,13,Leadership Development,Internal,Passed,864.74,5,1,2
EMP1240,19-Apr-20,04-Jun-63,63,6,06-May-25,18-Feb-25,Sales,Sales Representative,No,Frequently,No,Male,Married,Technical Degree,4,43538,6,12,Technical Skills,Internal,Passed,691.22,2,4,4
EMP1241,22-Apr-17,27-Nov-71,55,9,14-Aug-21,10-Sep-25,Research & Development,Manufacturing Director,Yes,Travel,Yes,Male,Married,Technical Degree,5,48021,2,9,Leadership Development,External,Completed,860.62,5,2,5
EMP1242,14-Apr-18,09-Dec-87,39,8,08-Apr-22,27-Aug-24,Research & Development,Research Director,No,Rarely,No,Female,Single,Technical Degree,3,38826,7,20,Leadership Development,Internal,Incomplete,174.39,3,4,3
EMP1243,27-Sep-20,19-Sep-67,59,5,09-Apr-23,13-Dec-24,Research & Development,Laboratory Technician,No,Rarely,No,Female,Single,Human Resources,3,61929,5,24,Technical Skills,Internal,Passed,671.34,3,4,4
EMP1244,05-Jun-19,21-Jul-93,33,7,05-Jul-21,20-Sep-24,Research & Development,Research Director,No,Rarely,Yes,Female,Single,Marketing,2,47671,7,11,Project Management,Internal,Passed,294.87,2,1,5
EMP1245,22-Nov-18,19-Jun-80,46,7,27-Aug-23,24-Mar-25,Research & Development,Manufacturing Director,No,Rarely,No,Female,Married,Other,2,83135,5,5,Customer Service,Internal,Passed,204.46,4,3,3
EMP1246,06-Jun-18,17-Feb-63,63,8,17-Mar-25,09-Nov-24,Research & Development,Research Scientist,No,Frequently,Yes,Female,Married,Marketing,5,73117,2,19,Project Management,Internal,Completed,903.58,4,3,5
EMP1247,09-Sep-16,08-Jul-88,38,9,09-Oct-16,08-Sep-24,Sales,Sales Manager,No,Rarely,No,Female,Married,Other,4,63602,3,21,Technical Skills,External,Completed,675.68,3,3,5
EMP1248,22-Dec-18,12-Jul-71,55,7,15-Jun-25,11-Apr-26,Sales,Sales Representative,No,Rarely,Yes,Male,Married,Technical Degree,4,49050,6,18,Technical Skills,External,Passed,319.19,3,1,2
EMP1249,30-Jan-26,26-Aug-82,44,0,06-Jun-26,24-Dec-24,Human Resources,HR Generalist,No,Frequently,Yes,Male,Widowed,Medical,4,72610,5,11,Project Management,Internal,Completed,448.1,4,3,3
EMP1250,28-May-25,01-Oct-74,52,1,06-Jun-26,18-Nov-25,Research & Development,Research Scientist,No,Rarely,No,Female,Single,Technical Degree,5,78814,4,27,Technical Skills,Internal,Completed,975.95,4,4,4
EMP1251,25-Jan-25,15-Mar-72,54,1,26-May-25,03-Jun-25,Research & Development,Research Scientist,No,Rarely,Yes,Male,Married,Technical Degree,5,67853,4,11,Leadership Development,External,Passed,875.96,3,3,5
EMP1252,01-Apr-22,03-Apr-94,32,4,29-Mar-26,23-Feb-25,Research & Development,Laboratory Technician,No,Rarely,Yes,Male,Married,Life Sciences,1,97074,2,6,Communication Skills,Internal,Failed,114.02,5,3,3
EMP1253,02-Feb-22,09-Nov-72,54,4,25-Nov-24,11-Jan-26,Sales,Sales Representative,No,Frequently,No,Female,Married,Technical Degree,3,74192,6,1,Technical Skills,Internal,Failed,981.82,4,5,4
EMP1254,21-May-18,06-Mar-91,35,8,27-May-21,08-Oct-25,Sales,Sales Executive,Yes,Rarely,Yes,Male,Widowed,Medical,4,83272,6,22,Technical Skills,Internal,Passed,431.68,2,1,3
EMP1255,11-Nov-24,20-Jun-94,32,1,05-Jan-26,08-Jan-26,Research & Development,Manufacturing Director,No,Frequently,Yes,Male,Married,Life Sciences,3,67671,7,29,Project Management,External,Failed,725.88,3,4,5
EMP1256,13-Jul-16,08-Nov-97,29,9,28-Aug-22,10-Jul-24,Research & Development,Manufacturing Director,No,Rarely,No,Female,Married,Other,5,78513,5,21,Leadership Development,Internal,Passed,741.41,4,4,4
EMP1257,08-Jul-25,24-Jun-78,48,0,29-Apr-26,08-Aug-25,Sales,Sales Executive,No,Frequently,No,Male,Single,Technical Degree,4,49064,2,29,Project Management,Internal,Failed,920.52,2,5,4
EMP1258,01-Dec-24,22-Aug-97,29,1,11-Dec-25,23-Mar-25,Research & Development,Laboratory Technician,No,Frequently,No,Female,Married,Other,5,55832,6,9,Project Management,Internal,Completed,896.55,4,3,4
EMP1259,16-Oct-21,07-Aug-74,52,4,23-Dec-21,17-Apr-25,Sales,Sales Manager,No,Rarely,No,Male,Single,Technical Degree,3,71987,6,29,Technical Skills,Internal,Failed,353.56,3,4,5
EMP1260,28-Feb-21,21-Mar-67,59,5,16-May-21,20-Jul-25,Research & Development,Research Director,Yes,Rarely,Yes,Female,Single,Marketing,5,71841,4,7,Leadership Development,External,Passed,679.18,4,1,3
EMP1261,05-Apr-16,08-Jan-78,48,10,19-Aug-22,07-Apr-26,Sales,Sales Manager,No,Rarely,Yes,Male,Married,Technical Degree,3,75152,2,6,Technical Skills,External,Passed,454.33,3,5,4
EMP1262,23-Nov-22,19-Mar-02,24,3,08-Aug-25,31-Aug-24,Research & Development,Manufacturing Director,Yes,Rarely,No,Male,Married,Technical Degree,5,87007,5,27,Technical Skills,Internal,Failed,572.99,5,3,3
EMP1263,19-May-26,05-Mar-67,59,0,10-Jun-26,15-Nov-25,Sales,Sales Manager,No,Rarely,No,Male,Single,Other,3,36500,5,28,Technical Skills,Internal,Passed,599.21,5,4,4
EMP1264,30-Aug-16,02-Sep-64,62,9,17-Oct-20,15-Apr-25,Research & Development,Research Scientist,No,Rarely,No,Female,Married,Medical,4,45510,4,23,Technical Skills,External,Failed,456.71,5,2,4
EMP1265,17-Dec-21,02-Mar-68,58,4,05-Aug-22,11-Sep-25,Sales,Sales Representative,No,Rarely,No,Male,Married,Other,4,69591,7,10,Communication Skills,Internal,Passed,517.5,2,5,4
EMP1266,10-May-25,06-May-94,32,1,03-Mar-26,22-Aug-25,Sales,Sales Manager,No,Rarely,Yes,Male,Single,Other,4,50512,1,5,Customer Service,External,Completed,287.51,5,4,4
EMP1267,19-Feb-25,20-Jul-71,55,1,23-Oct-25,19-Aug-24,Research & Development,Research Scientist,Yes,Rarely,No,Male,Married,Technical Degree,4,132555,1,1,Leadership Development,External,Incomplete,646.88,4,1,4
EMP1268,05-Nov-15,01-Nov-68,58,10,03-Aug-23,29-Dec-25,Research & Development,Manufacturing Director,No,Rarely,No,Male,Married,Other,5,75314,6,15,Communication Skills,Internal,Incomplete,783.06,4,2,5
EMP1269,11-Apr-16,03-May-62,64,10,04-Mar-17,22-Sep-25,Research & Development,Research Scientist,Yes,Rarely,No,Male,Married,Marketing,4,63433,3,25,Customer Service,External,Passed,486.77,2,3,2
EMP1270,09-Apr-23,20-Aug-91,35,3,24-Jan-24,08-Jul-24,Sales,Area Sales Manager,No,Frequently,Yes,Male,Married,Other,4,54690,4,5,Customer Service,Internal,Completed,979.91,4,3,2
EMP1271,09-Jun-21,06-Aug-74,52,5,13-Jul-25,04-Oct-24,Research & Development,Laboratory Technician,No,Rarely,Yes,Male,Single,Human Resources,2,55396,3,20,Customer Service,Internal,Passed,151.5,5,3,5
EMP1272,20-Sep-16,20-Jul-90,36,9,02-Dec-24,13-Oct-25,Research & Development,Laboratory Technician,No,Rarely,Yes,Male,Married,Life Sciences,5,65602,6,6,Communication Skills,External,Completed,630.24,3,5,5
EMP1273,09-Jan-17,27-Oct-95,31,9,05-Dec-22,22-Apr-25,Research & Development,Laboratory Technician,No,Travel,No,Male,Widowed,Other,4,67239,7,5,Leadership Development,External,Passed,625.24,2,4,4
EMP1274,16-May-26,22-Oct-93,33,0,09-Jun-26,10-Oct-25,Sales,Sales Executive,Yes,Frequently,Yes,Male,Married,Marketing,4,55866,4,17,Project Management,External,Completed,132.67,2,5,5
EMP1275,16-Aug-23,06-May-72,54,2,10-Mar-25,15-Feb-26,Research & Development,Research Scientist,No,Travel,Yes,Female,Single,Marketing,1,59536,5,18,Customer Service,External,Failed,302.11,3,3,4
EMP1276,18-May-25,15-Jun-61,65,1,11-Jan-26,09-Jan-26,Sales,Sales Manager,Yes,Rarely,No,Male,Married,Technical Degree,4,91885,7,4,Project Management,Internal,Incomplete,914.99,4,4,5
EMP1277,03-Dec-15,03-Oct-66,60,10,19-Sep-21,27-Nov-25,Sales,Sales Representative,No,Rarely,Yes,Male,Divorced,Life Sciences,1,92690,4,24,Project Management,External,Completed,590.06,5,4,4
EMP1278,01-Feb-25,13-Jul-90,36,1,13-Mar-25,14-May-26,Human Resources,Healthcare Representative,No,Rarely,No,Female,Single,Marketing,1,70040,2,21,Technical Skills,Internal,Passed,492.75,3,3,3
EMP1279,23-Mar-19,01-Feb-96,30,7,02-Feb-25,03-Oct-25,Sales,Sales Representative,No,Frequently,No,Male,Widowed,Human Resources,4,38174,3,23,Project Management,External,Incomplete,473.95,4,4,4
EMP1280,18-Mar-22,28-Sep-92,34,4,18-Aug-25,29-Jul-25,Research & Development,Research Scientist,No,Rarely,No,Male,Widowed,Life Sciences,3,75770,4,2,Technical Skills,Internal,Passed,899.34,3,3,5
EMP1281,01-Sep-25,14-Nov-72,54,0,16-Oct-25,21-Feb-25,Research & Development,Manufacturing Director,No,Rarely,No,Female,Single,Medical,3,96085,3,8,Leadership Development,Internal,Incomplete,430.33,3,5,3
EMP1282,31-Mar-26,04-Oct-95,31,0,01-May-26,30-Jan-25,Research & Development,Laboratory Technician,No,Rarely,No,Male,Widowed,Life Sciences,4,92395,7,5,Leadership Development,External,Completed,873.25,4,4,5
EMP1283,20-May-18,20-Aug-93,33,8,06-Sep-23,15-Nov-24,Research & Development,Laboratory Technician,No,Rarely,No,Female,Married,Marketing,2,79688,6,4,Technical Skills,Internal,Incomplete,378.27,2,5,4
EMP1284,21-May-16,26-Jan-66,60,10,17-Jun-23,22-Mar-25,Sales,Sales Executive,No,Rarely,Yes,Female,Divorced,Human Resources,3,93448,4,25,Leadership Development,Internal,Passed,578.35,4,4,4
EMP1285,07-Feb-25,25-Sep-70,56,1,21-Feb-26,05-Apr-25,Sales,Sales Manager,No,Rarely,Yes,Male,Married,Human Resources,2,66067,1,22,Customer Service,Internal,Passed,229.44,2,4,4
EMP1286,27-Apr-17,16-Feb-97,29,9,05-Oct-24,18-Aug-24,Research & Development,Manufacturing Director,Yes,Rarely,Yes,Female,Married,Other,4,77562,3,14,Leadership Development,Internal,Completed,842.53,4,4,4
EMP1287,14-Sep-22,20-Mar-62,64,3,20-Feb-23,05-May-26,Sales,Area Sales Manager,No,Rarely,No,Female,Married,Technical Degree,4,51384,5,4,Technical Skills,External,Incomplete,762.38,2,3,4
EMP1288,21-Nov-16,25-Jan-70,56,9,23-Jul-24,17-Nov-25,Research & Development,Research Scientist,No,Travel,No,Male,Married,Medical,4,70845,5,8,Customer Service,Internal,Passed,577.08,5,2,2
EMP1289,26-Apr-26,14-Nov-61,65,0,05-Jun-26,30-Dec-25,Sales,Sales Manager,No,Frequently,No,Female,Single,Other,3,91590,4,3,Project Management,Internal,Passed,123.31,5,4,5
EMP1290,14-Nov-18,12-Jul-71,55,7,30-Nov-24,05-Sep-25,Sales,Sales Executive,Yes,Travel,Yes,Male,Married,Human Resources,2,53211,5,14,Project Management,Internal,Passed,533.13,3,5,4
EMP1291,17-Nov-15,17-Dec-02,24,10,29-Oct-24,23-Jan-26,Research & Development,Research Director,No,Frequently,Yes,Male,Single,Technical Degree,2,47771,7,29,Project Management,Internal,Incomplete,302.68,3,3,5
EMP1292,22-Jul-20,26-Apr-77,49,5,22-Jan-24,13-May-26,Sales,Area Sales Manager,No,Rarely,No,Female,Single,Technical Degree,4,66949,5,26,Technical Skills,Internal,Completed,472.04,3,5,4
EMP1293,26-Oct-24,12-Jul-74,52,1,19-Dec-24,20-Sep-25,Research & Development,Manufacturing Director,No,Rarely,No,Female,Single,Other,5,60466,3,18,Project Management,Internal,Passed,870.78,4,3,4
EMP1294,08-Nov-24,25-Dec-67,59,1,25-Oct-25,31-Aug-25,Research & Development,Research Scientist,No,Rarely,No,Male,Married,Human Resources,3,77982,7,23,Leadership Development,Internal,Passed,792.64,3,4,4
EMP1295,24-Jul-18,14-Feb-68,58,7,23-Jul-24,06-Aug-24,Research & Development,Research Scientist,No,Rarely,No,Male,Single,Marketing,3,55934,4,12,Project Management,Internal,Failed,317.76,4,3,5
EMP1296,01-Mar-23,16-May-96,30,3,23-Mar-23,25-Nov-24,Sales,Area Sales Manager,Yes,Rarely,Yes,Female,Single,Human Resources,2,99368,3,15,Communication Skills,External,Passed,986.46,1,2,3
EMP1297,13-May-23,10-Feb-90,36,3,28-Dec-25,13-Dec-25,Sales,Sales Executive,Yes,Rarely,Yes,Male,Single,Life Sciences,4,39206,4,20,Communication Skills,External,Completed,912.89,2,1,5
EMP1298,06-May-21,14-Sep-66,60,5,21-Nov-23,21-Aug-24,Sales,Sales Executive,No,Rarely,No,Female,Single,Marketing,4,90074,5,20,Project Management,Internal,Failed,575.81,3,3,4
EMP1299,09-Sep-23,01-Apr-88,38,2,14-Feb-25,29-Apr-26,Research & Development,Research Director,No,Rarely,Yes,Male,Married,Marketing,4,49703,7,26,Project Management,Internal,Completed,577.14,2,1,5
EMP1300,02-Mar-24,17-Oct-04,22,2,25-Jun-25,30-Jan-25,Research & Development,Manufacturing Director,No,Rarely,No,Female,Widowed,Life Sciences,5,30000,4,9,Communication Skills,External,Incomplete,911.14,4,2,5
EMP1301,03-Aug-22,01-Sep-97,29,3,21-Oct-25,22-May-26,Sales,Area Sales Manager,No,Rarely,No,Female,Single,Life Sciences,4,69757,6,2,Project Management,External,Failed,672.53,1,2,4
EMP1302,04-Mar-16,07-Nov-80,46,10,26-May-24,16-Apr-26,Human Resources,Recruiter,Yes,Frequently,Yes,Female,Widowed,Life Sciences,2,59907,4,1,Customer Service,External,Passed,583.02,5,1,4
EMP1303,04-Jul-22,12-Jul-84,42,3,12-May-24,18-Mar-26,Sales,Sales Executive,No,Rarely,No,Male,Married,Technical Degree,3,42807,2,15,Communication Skills,Internal,Completed,774.23,4,2,4
EMP1304,23-Jun-16,14-Mar-98,28,9,13-Mar-21,25-Jul-25,Research & Development,Manufacturing Director,No,Rarely,Yes,Male,Married,Human Resources,4,31372,4,23,Technical Skills,External,Passed,311.59,2,4,5
EMP1305,24-May-22,09-Oct-63,63,4,15-May-24,03-Oct-24,Research & Development,Research Scientist,No,Rarely,No,Male,Married,Other,4,64832,2,15,Communication Skills,External,Incomplete,890.54,3,5,4
EMP1306,13-Feb-17,14-Sep-88,38,9,26-Jan-26,10-Aug-25,Research & Development,Manufacturing Director,No,Rarely,No,Female,Divorced,Medical,4,84516,3,28,Leadership Development,Internal,Passed,578.27,3,2,4
EMP1307,02-Sep-23,20-Jun-68,58,2,29-Jun-24,07-Apr-26,Research & Development,Manufacturing Director,No,Rarely,No,Female,Single,Technical Degree,4,76699,2,8,Customer Service,Internal,Completed,643.15,4,2,4
EMP1308,16-May-21,13-Nov-87,39,5,29-Dec-22,21-Apr-25,Research & Development,Laboratory Technician,No,Rarely,Yes,Female,Married,Other,4,66134,7,3,Technical Skills,Internal,Passed,180.95,3,4,4
EMP1309,26-Aug-20,18-Jul-91,35,5,13-Jul-22,04-Jun-25,Sales,Sales Executive,Yes,Rarely,No,Male,Married,Life Sciences,5,74576,3,2,Project Management,Internal,Passed,378.56,1,1,4
EMP1310,16-May-18,06-Aug-69,57,8,07-Oct-18,24-Jul-24,Research & Development,Research Scientist,No,Rarely,No,Male,Married,Human Resources,4,64455,4,4,Leadership Development,Internal,Passed,484.06,3,4,3
EMP1311,23-Jun-22,18-Sep-81,45,3,16-May-26,07-Aug-24,Sales,Sales Representative,No,Travel,Yes,Male,Divorced,Human Resources,4,36405,3,18,Leadership Development,External,Incomplete,472.52,3,2,3
EMP1312,29-Oct-16,10-May-74,52,9,12-Jul-23,11-Mar-26,Research & Development,Research Director,No,Travel,No,Female,Single,Life Sciences,3,36582,5,12,Customer Service,Internal,Incomplete,800.46,5,3,5
EMP1313,04-Mar-18,25-Jun-68,58,8,31-Jul-21,01-May-25,Research & Development,Manufacturing Director,Yes,Rarely,Yes,Male,Married,Other,4,60936,6,18,Technical Skills,Internal,Passed,354.09,5,2,5
EMP1314,05-Nov-22,05-Dec-79,47,3,02-Jan-26,19-Jan-26,Research & Development,Laboratory Technician,No,Rarely,No,Female,Married,Human Resources,5,61786,4,21,Leadership Development,External,Passed,263.9,2,3,1
EMP1315,16-Dec-21,24-Feb-62,64,4,02-Jun-23,13-Oct-25,Research & Development,Research Scientist,No,Frequently,Yes,Male,Married,Life Sciences,3,82019,7,10,Technical Skills,Internal,Passed,624.36,4,4,5
EMP1316,16-Oct-23,26-Aug-90,36,2,17-Dec-23,17-Feb-26,Research & Development,Research Director,No,Rarely,No,Female,Single,Life Sciences,4,80146,2,21,Technical Skills,Internal,Passed,653.51,5,2,1
EMP1317,22-Nov-17,07-Feb-94,32,8,12-Dec-24,04-Nov-24,Research & Development,Research Director,No,Rarely,No,Male,Married,Life Sciences,4,77102,6,8,Leadership Development,Internal,Completed,209.42,1,5,4
EMP1318,25-Nov-16,26-Jul-72,54,9,17-Mar-22,15-Jan-25,Research & Development,Laboratory Technician,No,Rarely,No,Female,Divorced,Medical,2,59394,1,25,Technical Skills,Internal,Failed,102.22,4,3,2
EMP1319,11-Dec-21,20-Sep-83,43,4,09-Mar-25,08-Feb-26,Sales,Sales Executive,No,Travel,No,Male,Married,Technical Degree,4,37386,6,18,Customer Service,Internal,Completed,925.88,3,5,5
EMP1320,13-Jun-23,02-Dec-61,65,2,24-May-24,24-Dec-24,Sales,Sales Manager,No,Rarely,No,Male,Divorced,Technical Degree,2,73241,4,17,Leadership Development,External,Completed,171.67,4,2,5
EMP1321,14-May-22,21-Jul-94,32,4,30-Jul-25,31-Jul-24,Sales,Sales Representative,No,Rarely,No,Male,Married,Medical,5,75503,7,19,Customer Service,Internal,Failed,908.08,4,2,4
EMP1322,12-Nov-17,27-Feb-04,22,8,11-Jun-18,25-Oct-24,Sales,Sales Manager,No,Frequently,Yes,Male,Single,Other,5,30000,7,6,Customer Service,External,Completed,459.29,5,4,3
EMP1323,04-Feb-17,20-Aug-95,31,9,15-Jun-24,21-Dec-24,Research & Development,Manufacturing Director,No,Rarely,Yes,Male,Single,Marketing,2,48313,6,14,Technical Skills,Internal,Passed,687.75,3,1,4
EMP1324,30-Jun-24,03-Feb-77,49,1,24-Apr-25,27-Sep-25,Sales,Area Sales Manager,No,Rarely,No,Male,Single,Life Sciences,2,51178,6,5,Technical Skills,External,Passed,267.05,4,5,4
EMP1325,28-May-26,12-Apr-88,38,0,09-Jun-26,19-Jan-25,Human Resources,Recruiter,No,Travel,Yes,Male,Married,Medical,4,67367,5,8,Leadership Development,External,Completed,841.53,2,3,3
EMP1326,12-Feb-23,02-Oct-99,27,3,08-Apr-23,11-Mar-26,Sales,Sales Representative,No,Rarely,No,Female,Single,Technical Degree,3,48932,3,8,Project Management,External,Passed,262.17,3,4,4
EMP1327,30-May-15,20-Jul-80,46,11,16-Aug-18,11-Oct-25,Sales,Sales Representative,Yes,Rarely,No,Male,Married,Marketing,1,64237,6,18,Leadership Development,Internal,Passed,447.86,5,2,4
EMP1328,18-Feb-23,10-Sep-63,63,3,06-Nov-25,05-Oct-24,Research & Development,Manufacturing Director,No,Rarely,No,Male,Married,Medical,4,60789,2,9,Customer Service,External,Incomplete,314.22,4,4,3
EMP1329,05-Dec-21,25-Jan-66,60,4,22-May-22,06-Feb-26,Research & Development,Research Director,No,Rarely,No,Female,Single,Life Sciences,3,61817,7,14,Technical Skills,External,Failed,853.76,3,4,1
EMP1330,16-Jan-19,16-Nov-93,33,7,18-Jun-20,26-Jul-25,Research & Development,Laboratory Technician,No,Rarely,No,Male,Single,Human Resources,2,50672,2,14,Customer Service,External,Failed,872.5,4,4,4
EMP1331,21-Oct-19,07-Jan-76,50,6,21-Jun-25,09-Jul-25,Research & Development,Research Director,No,Rarely,No,Female,Single,Other,5,52220,5,20,Communication Skills,Internal,Completed,434.83,1,3,4
EMP1332,31-Aug-22,10-Sep-62,64,3,04-Feb-23,21-Oct-24,Research & Development,Research Director,No,Rarely,No,Female,Married,Medical,5,43394,6,14,Communication Skills,Internal,Passed,376.64,3,5,5
EMP1333,27-Nov-25,26-Jan-92,34,0,06-Feb-26,08-May-25,Sales,Sales Manager,No,Frequently,No,Female,Single,Marketing,4,72601,6,17,Customer Service,Internal,Incomplete,796.21,4,5,1
EMP1334,22-Apr-19,17-Sep-66,60,7,17-Feb-22,13-Oct-25,Human Resources,HR Manager,No,Rarely,Yes,Female,Single,Technical Degree,5,76422,5,2,Project Management,Internal,Passed,890.66,4,5,4
EMP1335,30-Jan-20,06-Oct-90,36,6,25-Jul-21,04-Apr-25,Human Resources,Healthcare Representative,No,Rarely,No,Male,Widowed,Human Resources,3,49587,4,14,Project Management,External,Failed,661.62,3,4,4
EMP1336,31-Jan-18,12-Jan-61,65,8,27-Dec-24,31-Oct-25,Research & Development,Research Scientist,No,Rarely,No,Male,Divorced,Marketing,3,95412,1,27,Leadership Development,External,Completed,934.66,4,3,3
EMP1337,23-Jun-18,01-Nov-89,37,7,16-Aug-21,15-Jan-26,Sales,Area Sales Manager,No,Frequently,No,Male,Single,Other,3,58707,1,22,Leadership Development,External,Failed,444.74,3,1,4
EMP1338,24-Sep-16,09-Feb-94,32,9,26-Oct-19,22-Feb-26,Research & Development,Laboratory Technician,No,Rarely,Yes,Male,Married,Technical Degree,4,95603,3,21,Leadership Development,Internal,Completed,236.7,1,5,3
EMP1339,20-Aug-21,22-Jun-79,47,4,11-Jun-26,14-Dec-25,Sales,Sales Executive,Yes,Rarely,Yes,Female,Married,Marketing,5,52157,2,12,Technical Skills,Internal,Incomplete,261.68,3,5,3
EMP1340,08-Apr-17,19-Jul-79,47,9,24-Feb-20,04-Nov-25,Sales,Sales Manager,Yes,Rarely,No,Male,Married,Technical Degree,4,30000,4,23,Project Management,Internal,Completed,702.85,5,1,4
EMP1341,21-May-26,01-Sep-92,34,0,21-May-26,03-Sep-25,Sales,Area Sales Manager,No,Rarely,No,Male,Married,Other,5,73043,2,25,Customer Service,Internal,Passed,466.77,5,3,4
EMP1342,06-Nov-15,18-Feb-00,26,10,28-Feb-24,18-Mar-25,Research & Development,Manufacturing Director,No,Rarely,No,Male,Single,Human Resources,4,69970,4,16,Communication Skills,External,Failed,240.68,3,5,5
EMP1343,21-Jul-22,27-Dec-86,40,3,06-Mar-23,19-Apr-25,Research & Development,Manufacturing Director,No,Frequently,No,Male,Married,Life Sciences,3,65687,5,22,Project Management,Internal,Incomplete,363.0,1,2,3
EMP1344,09-Dec-17,12-Oct-69,57,8,16-Sep-24,24-Sep-25,Research & Development,Research Director,No,Rarely,No,Male,Married,Medical,4,52155,3,6,Project Management,External,Failed,577.54,4,2,4
EMP1345,14-Jun-23,08-May-82,44,2,05-Jun-24,16-Oct-24,Research & Development,Research Director,No,Rarely,No,Male,Single,Marketing,2,64308,5,18,Project Management,External,Completed,209.3,4,5,3
EMP1346,17-Jun-18,15-Apr-66,60,7,03-Feb-25,15-Apr-26,Research & Development,Laboratory Technician,No,Rarely,No,Male,Married,Medical,1,54774,2,7,Leadership Development,External,Failed,103.1,3,5,3
EMP1347,22-Aug-18,01-Oct-79,47,7,02-May-20,25-Jan-25,Sales,Sales Representative,No,Frequently,Yes,Female,Married,Human Resources,4,58953,7,2,Technical Skills,Internal,Passed,925.57,3,5,5
EMP1348,21-Jan-19,14-Mar-88,38,7,24-Jan-24,12-Dec-24,Research & Development,Manufacturing Director,No,Rarely,No,Female,Single,Human Resources,4,81832,3,13,Customer Service,External,Passed,374.38,5,2,4
EMP1349,18-Sep-18,18-Feb-72,54,7,10-Nov-22,24-May-25,Human Resources,Healthcare Representative,No,Rarely,No,Male,Single,Human Resources,4,68684,6,23,Leadership Development,Internal,Incomplete,299.35,4,3,3
EMP1350,25-Oct-24,10-Sep-00,26,1,22-Apr-25,25-Jun-24,Sales,Sales Representative,No,Rarely,No,Male,Married,Other,4,77199,7,8,Technical Skills,Internal,Failed,728.63,3,4,4
EMP1351,24-Dec-15,26-Feb-83,43,10,28-Nov-18,16-Feb-26,Research & Development,Manufacturing Director,No,Rarely,No,Male,Single,Medical,3,60362,4,12,Project Management,External,Passed,868.06,4,4,5
EMP1352,19-Mar-24,18-May-72,54,2,29-May-26,22-Jul-25,Research & Development,Research Director,No,Rarely,No,Male,Married,Other,4,58159,4,1,Technical Skills,External,Incomplete,669.05,2,3,2
EMP1353,04-Mar-23,23-May-68,58,3,29-Jun-24,30-Nov-24,Research & Development,Research Director,No,Rarely,No,Female,Single,Human Resources,4,41930,3,9,Leadership Development,Internal,Failed,329.03,2,5,3
EMP1354,29-Apr-20,19-Jul-76,50,6,06-Oct-25,04-Apr-25,Research & Development,Manufacturing Director,No,Rarely,No,Female,Single,Marketing,3,57599,5,8,Project Management,Internal,Completed,875.47,5,5,3
EMP1355,17-Dec-24,25-Apr-74,52,1,20-Jun-25,10-Feb-25,Research & Development,Research Director,No,Rarely,No,Male,Married,Human Resources,5,30000,3,9,Leadership Development,External,Passed,559.38,2,3,5
EMP1356,23-May-21,22-Aug-83,43,5,15-Nov-25,12-Jul-24,Research & Development,Research Director,No,Rarely,Yes,Male,Married,Life Sciences,4,53195,5,5,Customer Service,Internal,Incomplete,443.07,3,2,3
EMP1357,25-Jan-25,28-Oct-75,51,1,22-Oct-25,02-Oct-25,Human Resources,Healthcare Representative,No,Rarely,Yes,Female,Divorced,Human Resources,4,63362,3,13,Project Management,External,Failed,644.25,4,2,3
EMP1358,31-Mar-20,04-Aug-03,23,6,13-Aug-20,31-Aug-25,Research & Development,Laboratory Technician,No,Rarely,No,Male,Married,Technical Degree,5,76273,5,14,Technical Skills,External,Completed,730.55,5,4,4
EMP1359,13-May-20,13-Feb-88,38,6,17-Mar-24,14-Jan-26,Sales,Sales Representative,No,Frequently,No,Male,Single,Medical,5,59626,1,4,Leadership Development,External,Passed,634.45,4,2,4
EMP1360,10-Dec-21,22-Apr-64,62,4,31-May-22,05-Jun-25,Research & Development,Research Director,No,Travel,No,Male,Married,Technical Degree,5,71953,3,17,Communication Skills,External,Passed,928.22,1,4,5
EMP1361,09-Jul-25,14-Jun-90,36,0,21-Sep-25,10-Feb-25,Human Resources,Recruiter,No,Travel,No,Male,Married,Technical Degree,3,30000,5,9,Technical Skills,External,Passed,665.22,4,4,4
EMP1362,09-May-19,18-Sep-82,44,7,11-Jan-26,31-May-25,Sales,Sales Manager,Yes,Frequently,No,Female,Single,Medical,1,63863,6,20,Technical Skills,External,Incomplete,890.72,4,5,4
EMP1363,02-Apr-23,27-Dec-04,22,3,11-Feb-24,31-Jul-25,Research & Development,Research Director,No,Rarely,Yes,Male,Divorced,Life Sciences,3,31409,2,15,Project Management,External,Passed,628.26,3,3,5
EMP1364,18-Nov-24,10-Apr-88,38,1,09-Apr-26,21-May-26,Research & Development,Research Scientist,No,Rarely,Yes,Male,Single,Marketing,3,40833,7,20,Technical Skills,Internal,Completed,396.71,4,4,3
EMP1365,10-May-25,22-Jul-99,27,1,30-May-26,20-Aug-24,Research & Development,Research Director,No,Rarely,Yes,Male,Widowed,Technical Degree,5,61256,7,4,Leadership Development,Internal,Passed,579.07,2,4,3
EMP1366,27-Apr-21,18-Feb-83,43,5,20-Aug-23,29-Sep-24,Sales,Sales Representative,Yes,Rarely,Yes,Female,Divorced,Other,4,90525,7,2,Communication Skills,External,Passed,177.7,5,4,4
EMP1367,26-Jul-23,11-Aug-93,33,2,17-Sep-25,07-May-26,Research & Development,Research Scientist,No,Rarely,Yes,Male,Married,Other,2,72424,2,28,Customer Service,Internal,Passed,307.16,4,5,4
EMP1368,12-Apr-26,19-Apr-82,44,0,27-Apr-26,02-Aug-24,Human Resources,HR Manager,No,Rarely,No,Female,Widowed,Technical Degree,2,65364,3,27,Communication Skills,External,Completed,789.61,3,4,4
EMP1369,22-May-24,24-Mar-87,39,2,29-Mar-26,17-Apr-26,Sales,Sales Executive,No,Frequently,No,Female,Married,Human Resources,3,64609,3,13,Leadership Development,External,Completed,695.33,4,5,3
EMP1370,20-Aug-18,16-Apr-61,65,7,27-Jul-23,04-Jul-24,Sales,Area Sales Manager,Yes,Rarely,Yes,Male,Single,Marketing,4,50727,4,4,Project Management,External,Incomplete,249.87,2,3,4
EMP1371,24-Jun-19,24-Apr-92,34,6,09-May-21,24-Jul-24,Human Resources,Recruiter,No,Rarely,Yes,Female,Married,Human Resources,4,54120,5,18,Leadership Development,Internal,Incomplete,494.21,4,4,4
EMP1372,07-Feb-18,07-May-89,37,8,19-Jun-20,09-Oct-25,Sales,Area Sales Manager,No,Travel,No,Male,Single,Medical,5,73547,3,24,Technical Skills,Internal,Passed,227.79,1,4,5
EMP1373,10-Aug-20,27-Apr-90,36,5,23-Jun-24,25-Sep-25,Research & Development,Manufacturing Director,No,Rarely,No,Female,Married,Marketing,5,37292,2,16,Project Management,Internal,Completed,870.24,3,5,5
EMP1374,03-Mar-16,12-Oct-89,37,10,11-Oct-16,23-Nov-24,Research & Development,Research Scientist,No,Rarely,No,Male,Married,Technical Degree,3,76861,2,23,Customer Service,Internal,Failed,198.25,4,3,3
EMP1375,11-Oct-25,04-Feb-95,31,0,24-Mar-26,14-May-25,Sales,Sales Manager,No,Travel,No,Female,Married,Life Sciences,3,57229,7,27,Customer Service,External,Incomplete,688.81,5,2,5
EMP1376,29-Apr-23,22-Nov-99,27,3,21-Oct-24,30-Jul-25,Research & Development,Research Scientist,No,Rarely,Yes,Female,Single,Human Resources,3,81511,2,10,Leadership Development,External,Passed,646.3,3,4,3
EMP1377,20-Apr-17,01-Oct-73,53,9,09-Oct-25,26-Aug-24,Research & Development,Research Director,Yes,Rarely,No,Female,Married,Human Resources,3,84221,5,2,Technical Skills,External,Completed,525.5,4,3,5
EMP1378,18-Oct-17,28-Jan-70,56,8,05-Feb-19,24-Jun-24,Research & Development,Manufacturing Director,No,Rarely,No,Male,Divorced,Marketing,5,31538,1,14,Customer Service,Internal,Passed,350.41,4,4,4
EMP1379,24-May-21,20-Jun-74,52,5,08-Sep-21,05-Jun-25,Research & Development,Research Scientist,No,Rarely,No,Male,Single,Marketing,4,53368,3,2,Communication Skills,Internal,Passed,463.56,3,5,4
EMP1380,18-Nov-16,19-Aug-84,42,9,05-Oct-18,10-Jul-24,Research & Development,Research Director,No,Frequently,No,Female,Married,Other,4,47889,7,18,Project Management,Internal,Passed,825.75,2,5,4
EMP1381,06-Aug-18,06-Aug-87,39,7,19-Oct-23,07-Feb-26,Sales,Sales Executive,No,Rarely,No,Male,Single,Human Resources,4,30000,1,1,Communication Skills,Internal,Passed,785.4,4,3,2
EMP1382,12-Feb-21,13-May-72,54,5,09-May-23,11-Dec-24,Research & Development,Research Director,No,Rarely,Yes,Male,Married,Medical,1,44349,5,13,Customer Service,External,Failed,764.93,3,2,1
EMP1383,28-Jan-25,05-Oct-90,36,1,28-Sep-25,12-Oct-25,Human Resources,HR Manager,No,Rarely,No,Male,Single,Medical,2,113825,7,6,Customer Service,External,Completed,774.84,5,4,3
EMP1384,22-Apr-18,26-Sep-01,25,8,07-Sep-21,15-Mar-25,Sales,Sales Executive,No,Rarely,No,Female,Married,Technical Degree,4,77190,6,22,Leadership Development,Internal,Completed,229.5,4,4,5
EMP1385,23-Oct-24,18-Aug-77,49,1,22-Feb-26,10-May-25,Research & Development,Research Director,Yes,Travel,Yes,Male,Single,Technical Degree,4,103345,3,17,Leadership Development,External,Passed,189.19,5,4,4
EMP1386,21-Jan-17,12-Sep-02,24,9,04-Jun-25,03-Jun-26,Sales,Sales Manager,No,Rarely,No,Female,Single,Life Sciences,3,81581,4,27,Project Management,External,Passed,875.35,3,4,3
EMP1387,24-Dec-19,25-Nov-79,47,6,13-Dec-25,05-May-25,Research & Development,Research Director,No,Rarely,No,Female,Widowed,Medical,4,50163,3,17,Leadership Development,Internal,Passed,853.46,5,4,5
EMP1388,12-Feb-25,04-Aug-93,33,1,11-Jun-25,23-Sep-25,Sales,Sales Manager,Yes,Rarely,Yes,Male,Single,Other,5,57364,3,22,Technical Skills,External,Incomplete,713.19,2,2,3
EMP1389,03-Nov-22,11-Aug-71,55,3,19-Dec-24,07-Aug-25,Human Resources,HR Generalist,No,Rarely,Yes,Male,Married,Technical Degree,4,76768,3,11,Project Management,Internal,Passed,645.32,4,4,5
EMP1390,07-Aug-15,22-Jan-04,22,10,06-Apr-23,11-Mar-26,Research & Development,Laboratory Technician,No,Travel,No,Female,Single,Other,4,73750,7,6,Technical Skills,External,Failed,430.18,3,1,4
EMP1391,21-Apr-24,19-Jul-91,35,2,13-Apr-26,13-Oct-25,Sales,Area Sales Manager,No,Rarely,No,Female,Married,Human Resources,4,53453,7,20,Leadership Development,Internal,Passed,301.67,3,1,4
EMP1392,12-Mar-16,12-Jun-98,28,10,26-Jul-20,11-Aug-25,Sales,Sales Executive,No,Rarely,No,Male,Married,Other,4,34800,3,3,Project Management,External,Failed,700.89,2,4,3
EMP1393,22-Nov-23,06-May-65,61,2,21-Mar-25,08-Nov-25,Sales,Sales Executive,No,Rarely,No,Male,Single,Medical,4,130755,6,14,Customer Service,Internal,Passed,921.73,1,4,5
EMP1394,05-Apr-26,08-May-69,57,0,08-May-26,29-Dec-25,Research & Development,Laboratory Technician,No,Frequently,No,Female,Single,Human Resources,5,62177,3,25,Communication Skills,Internal,Passed,493.3,4,4,2
EMP1395,22-May-23,20-Aug-87,39,3,14-Mar-24,19-Mar-25,Sales,Area Sales Manager,No,Rarely,No,Male,Married,Life Sciences,3,58485,5,6,Customer Service,External,Passed,372.89,4,3,2
EMP1396,15-Apr-20,06-Jun-83,43,6,27-Mar-26,03-Sep-24,Research & Development,Research Scientist,No,Frequently,No,Female,Married,Technical Degree,4,67266,3,17,Technical Skills,Internal,Passed,343.67,4,1,4
EMP1397,30-Aug-23,07-Jul-73,53,2,06-Feb-26,22-Jul-25,Research & Development,Manufacturing Director,No,Rarely,No,Female,Married,Marketing,3,60145,6,3,Customer Service,Internal,Passed,121.33,3,3,5
EMP1398,30-Oct-16,25-Dec-78,48,9,14-Sep-21,21-Aug-24,Sales,Sales Executive,No,Travel,No,Male,Married,Medical,3,67454,5,17,Customer Service,External,Failed,568.29,2,4,2
EMP1399,30-May-23,28-Jun-81,45,3,23-Jun-23,21-Apr-25,Research & Development,Research Director,No,Rarely,No,Female,Married,Other,4,90738,3,19,Communication Skills,Internal,Passed,989.41,5,3,4
EMP1400,14-Jan-20,15-May-79,47,6,10-Apr-23,08-May-26,Research & Development,Research Director,No,Rarely,No,Female,Single,Other,5,62509,3,18,Communication Skills,External,Passed,833.71,4,4,4
EMP1401,19-Aug-15,05-Oct-93,33,10,10-Jan-26,04-Sep-25,Sales,Sales Executive,No,Rarely,Yes,Male,Single,Life Sciences,3,41745,5,5,Customer Service,External,Passed,907.73,3,4,4
EMP1402,23-Feb-22,08-Nov-68,58,4,30-Aug-24,21-Mar-26,Sales,Sales Manager,No,Rarely,No,Male,Single,Technical Degree,3,61767,3,15,Communication Skills,Internal,Incomplete,659.05,4,4,4
EMP1403,22-Mar-17,09-Dec-98,28,9,03-Jul-21,24-Jan-25,Sales,Sales Executive,No,Travel,No,Female,Single,Marketing,3,55711,6,3,Customer Service,Internal,Failed,533.3,5,5,3
EMP1404,09-Jul-22,14-Sep-89,37,3,28-Apr-26,14-Feb-25,Research & Development,Research Director,No,Frequently,Yes,Male,Single,Marketing,4,93477,7,23,Project Management,External,Completed,991.41,5,5,3
EMP1405,11-Apr-18,05-Apr-80,46,8,25-Oct-21,15-Apr-25,Research & Development,Manufacturing Director,Yes,Rarely,Yes,Male,Married,Human Resources,3,88422,2,8,Customer Service,Internal,Passed,502.45,1,5,4
EMP1406,01-Feb-18,26-Aug-95,31,8,12-Jan-24,06-Jul-25,Research & Development,Research Scientist,No,Rarely,No,Female,Married,Medical,3,67150,3,7,Leadership Development,External,Passed,925.15,5,4,2
EMP1407,10-Nov-15,14-Mar-04,22,10,08-Jul-23,05-Apr-25,Research & Development,Research Scientist,No,Rarely,No,Male,Widowed,Other,4,39425,4,18,Communication Skills,Internal,Passed,785.66,3,3,4
EMP1408,08-Jun-21,28-Mar-73,53,5,31-Aug-21,01-Mar-26,Research & Development,Manufacturing Director,No,Frequently,No,Female,Single,Life Sciences,1,40482,5,10,Communication Skills,External,Failed,397.88,4,4,3
EMP1409,06-Aug-25,18-Sep-64,62,0,24-Sep-25,29-Dec-25,Research & Development,Manufacturing Director,No,Rarely,Yes,Male,Married,Technical Degree,4,65302,6,26,Technical Skills,External,Failed,552.76,3,4,4
EMP1410,10-Feb-18,10-Aug-84,42,8,26-Jan-24,26-Jun-24,Research & Development,Laboratory Technician,No,Rarely,No,Male,Divorced,Technical Degree,4,71726,3,23,Technical Skills,External,Incomplete,445.9,4,3,4
EMP1411,09-Jul-25,28-Sep-88,38,0,31-May-26,17-Sep-25,Sales,Sales Executive,No,Rarely,No,Male,Married,Medical,3,57507,3,10,Leadership Development,Internal,Incomplete,222.6,4,4,5
EMP1412,22-Jan-25,13-Jan-68,58,1,22-Jul-25,09-Jan-25,Sales,Sales Executive,No,Rarely,No,Female,Single,Medical,4,55396,5,19,Communication Skills,External,Failed,421.09,3,4,4
EMP1413,13-Feb-15,06-Dec-98,28,11,20-Oct-24,05-Apr-26,Sales,Sales Manager,Yes,Rarely,Yes,Male,Single,Human Resources,4,53144,1,23,Communication Skills,External,Failed,900.08,4,2,3
EMP1414,11-Oct-16,27-Apr-01,25,9,16-Aug-23,16-Jun-25,Sales,Sales Executive,Yes,Rarely,Yes,Male,Single,Human Resources,4,64532,6,1,Technical Skills,External,Passed,777.37,4,4,2
EMP1415,05-Jun-15,27-Aug-88,38,11,20-Sep-25,07-Apr-25,Research & Development,Manufacturing Director,No,Rarely,No,Female,Single,Medical,4,30000,6,2,Technical Skills,Internal,Passed,349.82,3,1,4
EMP1416,27-Sep-20,15-Feb-64,62,5,18-Oct-23,03-Oct-24,Human Resources,HR Manager,No,Travel,No,Female,Married,Technical Degree,3,42973,2,28,Customer Service,External,Incomplete,431.12,1,1,4
EMP1417,02-Nov-19,12-May-83,43,6,05-Aug-23,28-Nov-24,Sales,Sales Manager,No,Rarely,No,Female,Single,Life Sciences,5,52458,7,26,Communication Skills,Internal,Passed,654.79,1,5,4
EMP1418,09-May-18,18-Sep-81,45,8,20-May-21,12-Jul-25,Sales,Sales Executive,Yes,Rarely,Yes,Male,Single,Medical,4,89150,7,1,Communication Skills,Internal,Incomplete,474.53,4,4,4
EMP1419,29-Jun-24,01-Jun-88,38,1,29-Mar-25,04-Mar-25,Research & Development,Research Director,Yes,Rarely,Yes,Male,Married,Marketing,3,48723,2,9,Customer Service,External,Failed,552.74,5,4,5
EMP1420,29-Jun-17,12-Feb-78,48,8,05-Aug-18,30-Jun-24,Human Resources,HR Generalist,No,Frequently,Yes,Female,Married,Life Sciences,2,68609,3,29,Communication Skills,Internal,Failed,728.35,4,3,5
EMP1421,18-Jun-21,07-Oct-61,65,4,22-Nov-22,14-May-26,Sales,Sales Executive,No,Rarely,No,Male,Married,Human Resources,2,69530,5,29,Leadership Development,External,Passed,520.53,3,4,1
EMP1422,30-Apr-20,21-Oct-68,58,6,18-Sep-24,19-Apr-26,Research & Development,Research Director,Yes,Rarely,No,Male,Married,Human Resources,2,90958,4,15,Technical Skills,External,Completed,271.87,3,2,4
EMP1423,03-Oct-21,06-Sep-63,63,4,04-May-24,24-Aug-24,Sales,Sales Representative,No,Rarely,Yes,Male,Married,Other,4,90251,3,18,Technical Skills,External,Failed,568.52,2,4,1
EMP1424,25-Sep-17,11-Jun-86,40,8,27-May-26,24-Aug-24,Sales,Area Sales Manager,Yes,Rarely,Yes,Female,Single,Technical Degree,2,63849,2,18,Technical Skills,External,Passed,420.51,5,5,4
EMP1425,27-Jan-16,16-Sep-61,65,10,23-Aug-23,05-Dec-25,Human Resources,Healthcare Representative,No,Rarely,Yes,Male,Married,Other,3,55490,3,22,Project Management,External,Passed,361.66,3,5,4
EMP1426,07-May-20,13-Feb-76,50,6,22-Jan-23,04-Sep-24,Human Resources,HR Manager,No,Frequently,No,Female,Married,Technical Degree,4,51723,5,7,Leadership Development,Internal,Passed,395.3,3,2,4
EMP1427,01-Jun-24,15-May-65,61,2,20-Apr-26,14-Mar-25,Sales,Sales Manager,Yes,Frequently,Yes,Female,Widowed,Technical Degree,3,60178,6,14,Leadership Development,External,Failed,495.1,4,4,3
EMP1428,02-Apr-25,28-Mar-64,62,1,28-Jan-26,24-Aug-24,Human Resources,Recruiter,No,Rarely,No,Male,Single,Other,4,56319,6,29,Customer Service,Internal,Passed,897.95,5,5,5
EMP1429,29-May-16,26-Nov-94,32,10,17-Jan-25,23-Jan-26,Research & Development,Research Director,No,Rarely,No,Female,Married,Technical Degree,4,76072,6,18,Project Management,Internal,Completed,760.65,1,2,3
EMP1430,27-Jun-17,21-Jul-83,43,8,03-Sep-19,08-Jun-26,Research & Development,Research Scientist,No,Travel,No,Female,Single,Life Sciences,3,73406,6,20,Communication Skills,External,Completed,701.09,3,2,3
EMP1431,18-Mar-26,13-Oct-65,61,0,23-May-26,27-Apr-25,Research & Development,Research Director,No,Rarely,No,Female,Married,Human Resources,4,76836,7,19,Leadership Development,Internal,Passed,524.13,4,5,3
EMP1432,15-May-15,06-Feb-00,26,11,25-Feb-19,19-Nov-25,Research & Development,Manufacturing Director,Yes,Frequently,Yes,Female,Single,Other,4,90185,4,29,Project Management,Internal,Completed,101.65,4,4,4
EMP1433,04-Jun-20,11-Apr-83,43,6,10-Jun-22,06-Sep-24,Research & Development,Research Director,No,Rarely,No,Female,Single,Human Resources,3,102257,1,5,Project Management,External,Passed,406.5,1,3,2
EMP1434,22-Mar-18,10-Nov-84,42,8,25-Sep-21,03-Aug-25,Research & Development,Research Scientist,No,Travel,No,Male,Divorced,Technical Degree,3,67493,7,9,Leadership Development,Internal,Completed,831.87,4,2,3
EMP1435,14-Jul-21,21-Oct-87,39,4,08-Aug-24,25-Jul-25,Sales,Area Sales Manager,No,Frequently,No,Female,Married,Technical Degree,4,86989,4,18,Customer Service,Internal,Passed,449.35,4,4,3
EMP1436,17-Aug-24,15-May-79,47,1,27-Aug-24,30-Oct-24,Sales,Sales Manager,No,Travel,Yes,Female,Married,Other,5,57966,3,13,Project Management,Internal,Passed,607.44,5,3,3
EMP1437,13-Jan-15,19-Dec-81,45,11,23-Mar-15,19-Mar-26,Sales,Sales Manager,No,Rarely,No,Female,Single,Life Sciences,4,88700,2,5,Technical Skills,External,Passed,284.27,2,4,2
EMP1438,30-Nov-22,14-Aug-71,55,3,18-Apr-23,18-Feb-26,Research & Development,Manufacturing Director,No,Rarely,No,Male,Single,Technical Degree,3,86230,5,24,Project Management,External,Completed,924.27,2,3,3
EMP1439,24-May-20,28-Mar-94,32,6,11-Jul-20,01-Jan-26,Sales,Sales Executive,Yes,Travel,Yes,Male,Married,Medical,4,85168,3,22,Communication Skills,External,Passed,930.85,4,4,4
EMP1440,05-May-24,24-Mar-03,23,2,30-Jun-25,29-Sep-25,Research & Development,Manufacturing Director,Yes,Rarely,Yes,Female,Divorced,Technical Degree,4,66881,1,20,Leadership Development,Internal,Passed,231.46,4,4,4
EMP1441,15-Mar-19,09-Nov-89,37,7,18-Apr-20,30-Dec-24,Human Resources,Recruiter,No,Rarely,No,Male,Widowed,Technical Degree,4,51632,5,15,Communication Skills,External,Passed,751.74,4,4,3
EMP1442,02-Dec-16,06-Apr-99,27,9,23-Oct-22,11-Jun-24,Sales,Sales Representative,No,Rarely,Yes,Female,Married,Life Sciences,4,37109,5,26,Customer Service,External,Passed,167.71,4,4,4
EMP1443,02-Feb-23,04-Feb-79,47,3,02-Sep-23,16-Aug-24,Research & Development,Research Scientist,No,Frequently,No,Female,Married,Medical,4,64199,5,24,Technical Skills,Internal,Completed,638.69,2,2,3
EMP1444,08-Jul-16,18-Aug-00,26,9,15-Mar-24,29-Jan-26,Research & Development,Manufacturing Director,No,Travel,No,Female,Divorced,Technical Degree,5,95660,3,19,Leadership Development,Internal,Failed,260.79,3,3,3
EMP1445,19-May-26,25-Jan-01,25,0,02-Jun-26,11-Oct-24,Research & Development,Manufacturing Director,No,Rarely,No,Female,Married,Life Sciences,4,58803,1,20,Project Management,External,Incomplete,231.13,3,1,4
EMP1446,21-May-26,25-Sep-79,47,0,01-Jun-26,09-Jul-24,Sales,Sales Representative,Yes,Frequently,Yes,Female,Married,Medical,4,80702,3,11,Technical Skills,External,Passed,103.71,5,4,4
EMP1447,16-Jun-15,09-Feb-99,27,10,30-Nov-17,17-Apr-25,Research & Development,Laboratory Technician,No,Frequently,No,Male,Single,Human Resources,3,81879,5,9,Project Management,External,Passed,946.77,3,5,5
EMP1448,04-Oct-23,03-Mar-65,61,2,15-Oct-25,19-Jul-25,Research & Development,Research Scientist,No,Rarely,No,Female,Married,Medical,5,59326,5,21,Customer Service,Internal,Completed,846.33,2,4,3
EMP1449,18-Jul-25,10-Jul-63,63,0,10-Dec-25,06-Mar-25,Human Resources,Healthcare Representative,No,Rarely,No,Male,Married,Marketing,5,91326,7,22,Leadership Development,External,Completed,169.73,3,2,5
EMP1450,23-Dec-15,24-Apr-90,36,10,19-Oct-18,07-Feb-25,Research & Development,Research Scientist,No,Rarely,No,Female,Divorced,Other,2,30000,2,28,Customer Service,External,Passed,639.44,5,3,4
EMP1451,05-Sep-23,21-Aug-86,40,2,20-Mar-24,26-Jan-26,Research & Development,Manufacturing Director,No,Rarely,No,Female,Married,Medical,4,40544,4,16,Customer Service,External,Failed,309.61,5,1,5
EMP1452,17-May-23,17-Mar-96,30,3,25-Jul-23,18-Sep-25,Research & Development,Manufacturing Director,No,Travel,No,Male,Single,Marketing,3,46687,3,11,Customer Service,External,Completed,337.61,5,2,5
EMP1453,08-Sep-20,02-Jan-94,32,5,14-Dec-20,16-Dec-25,Research & Development,Research Scientist,No,Rarely,No,Male,Married,Technical Degree,4,48605,1,2,Customer Service,External,Passed,886.75,3,4,1
EMP1454,14-May-15,28-Jun-62,64,11,24-Apr-22,08-Jul-24,Research & Development,Laboratory Technician,No,Frequently,No,Female,Divorced,Human Resources,4,71725,7,25,Project Management,External,Completed,202.89,4,3,2
EMP1455,04-Jan-23,15-Aug-84,42,3,11-Jul-23,12-Oct-24,Sales,Sales Manager,No,Travel,No,Male,Single,Other,2,70800,5,8,Communication Skills,External,Passed,641.34,3,3,4
EMP1456,07-Jul-16,18-May-70,56,9,24-Feb-17,11-Jul-25,Human Resources,HR Manager,No,Rarely,No,Female,Single,Other,5,72879,3,23,Project Management,External,Incomplete,461.13,2,2,3
EMP1457,25-Sep-22,23-Mar-76,50,3,23-Jan-26,27-Aug-25,Research & Development,Research Director,No,Frequently,No,Female,Single,Human Resources,3,76921,4,25,Technical Skills,Internal,Failed,271.72,1,4,5
EMP1458,29-May-20,19-Mar-70,56,6,03-Nov-22,20-Nov-25,Research & Development,Research Scientist,No,Rarely,No,Female,Married,Medical,4,45997,3,21,Customer Service,External,Passed,506.73,2,4,1
EMP1459,29-Apr-17,21-Aug-66,60,9,18-Jan-24,17-Mar-26,Sales,Sales Manager,No,Frequently,No,Female,Married,Life Sciences,4,40636,4,5,Technical Skills,External,Failed,946.44,4,5,5
EMP1460,16-Jun-22,14-Oct-64,62,3,12-Jan-26,13-Apr-25,Research & Development,Laboratory Technician,No,Rarely,No,Female,Married,Marketing,3,72926,3,11,Project Management,Internal,Incomplete,803.45,5,2,2
EMP1461,28-Dec-17,21-Nov-71,55,8,10-May-19,31-May-25,Research & Development,Laboratory Technician,Yes,Travel,Yes,Female,Single,Life Sciences,3,52395,2,11,Customer Service,Internal,Completed,218.9,2,5,3
EMP1462,30-Dec-15,12-May-70,56,10,08-Dec-23,07-Dec-25,Research & Development,Research Scientist,No,Rarely,Yes,Male,Divorced,Human Resources,3,33590,3,9,Project Management,Internal,Passed,864.49,5,4,5
EMP1463,26-Nov-22,08-Sep-74,52,3,29-Jul-23,05-May-25,Sales,Area Sales Manager,No,Rarely,No,Female,Single,Technical Degree,4,84426,7,11,Customer Service,Internal,Failed,943.7,3,3,2
EMP1464,05-Aug-22,10-Aug-99,27,3,28-Jan-23,21-May-25,Research & Development,Research Director,No,Frequently,No,Male,Single,Life Sciences,4,92902,6,5,Project Management,Internal,Failed,349.27,3,3,3
EMP1465,05-Dec-18,09-Jul-81,45,7,15-Sep-25,04-Nov-24,Human Resources,Healthcare Representative,No,Rarely,No,Female,Married,Human Resources,2,96143,2,9,Leadership Development,Internal,Passed,400.08,3,3,2
EMP1466,03-Jun-25,01-May-95,31,1,08-Aug-25,25-Oct-25,Sales,Area Sales Manager,No,Rarely,No,Male,Married,Medical,2,68740,4,1,Communication Skills,External,Passed,213.68,3,4,5
EMP1467,25-Sep-25,27-Sep-04,22,0,05-Apr-26,21-May-26,Human Resources,Healthcare Representative,No,Rarely,Yes,Male,Single,Marketing,2,77518,5,26,Communication Skills,Internal,Failed,410.45,3,2,4
EMP1468,02-Feb-19,10-Jun-96,30,7,09-May-26,19-May-26,Research & Development,Laboratory Technician,Yes,Frequently,Yes,Female,Single,Technical Degree,4,92397,5,10,Customer Service,Internal,Failed,705.83,4,5,5
EMP1469,09-Jan-18,01-Sep-74,52,8,15-May-24,17-Nov-24,Research & Development,Research Scientist,No,Rarely,Yes,Female,Single,Marketing,4,52171,3,27,Leadership Development,External,Passed,344.94,4,2,4
EMP1470,31-May-16,10-Aug-73,53,10,02-Jun-25,18-Aug-24,Research & Development,Research Scientist,No,Rarely,No,Male,Married,Marketing,2,87213,1,8,Technical Skills,Internal,Completed,106.14,5,4,3
EMP1471,07-Apr-25,26-Jul-04,22,1,10-Jul-25,23-Sep-24,Research & Development,Laboratory Technician,No,Rarely,No,Male,Married,Life Sciences,4,70507,3,19,Leadership Development,External,Failed,404.69,3,3,1
EMP1472,30-Oct-15,08-Oct-86,40,10,16-Nov-25,08-Sep-24,Research & Development,Laboratory Technician,No,Rarely,Yes,Female,Married,Marketing,2,83274,2,16,Customer Service,External,Passed,507.86,4,4,3
EMP1473,31-Jul-21,12-Sep-04,22,4,15-Mar-22,20-Oct-25,Research & Development,Research Scientist,No,Rarely,No,Female,Married,Human Resources,5,68721,2,13,Leadership Development,Internal,Passed,609.72,4,5,4
EMP1474,10-Jul-19,18-Jul-92,34,6,02-Aug-21,12-Mar-26,Research & Development,Manufacturing Director,No,Rarely,No,Male,Married,Other,5,90925,4,24,Technical Skills,Internal,Failed,715.44,5,5,4
EMP1475,25-Dec-15,08-Jul-77,49,10,27-Oct-18,23-Feb-25,Sales,Sales Manager,No,Rarely,No,Female,Single,Marketing,4,69470,3,5,Customer Service,Internal,Completed,155.61,3,1,3
EMP1476,23-Jun-19,24-Dec-94,32,6,11-Oct-22,20-Nov-25,Research & Development,Research Director,No,Rarely,Yes,Male,Widowed,Marketing,5,35320,4,18,Communication Skills,Internal,Completed,522.78,5,3,2
EMP1477,10-Dec-15,27-Jul-63,63,10,05-Mar-21,16-Sep-25,Research & Development,Research Director,Yes,Rarely,Yes,Female,Divorced,Human Resources,5,94038,1,9,Leadership Development,Internal,Passed,339.73,4,5,3
EMP1478,29-Jan-22,09-Apr-80,46,4,12-Oct-25,23-Jun-24,Research & Development,Manufacturing Director,Yes,Frequently,Yes,Female,Single,Other,5,46049,5,4,Communication Skills,Internal,Failed,953.17,4,3,3
EMP1479,15-Dec-21,21-Jul-99,27,4,19-May-22,21-Dec-25,Research & Development,Research Scientist,No,Rarely,No,Male,Single,Medical,4,90061,5,14,Communication Skills,Internal,Incomplete,423.91,1,4,2
EMP1480,07-Dec-23,25-Sep-89,37,2,21-Sep-25,22-Apr-26,Research & Development,Laboratory Technician,No,Rarely,No,Male,Single,Marketing,3,63195,3,7,Project Management,External,Passed,190.11,3,5,3
EMP1481,14-Aug-25,22-Dec-65,61,0,03-Apr-26,27-Apr-25,Research & Development,Research Scientist,No,Rarely,No,Female,Single,Human Resources,3,88520,4,12,Technical Skills,Internal,Passed,137.34,4,4,1
EMP1482,06-Sep-20,21-May-87,39,5,13-Oct-23,17-Sep-24,Sales,Area Sales Manager,No,Rarely,Yes,Male,Married,Technical Degree,3,87695,4,24,Leadership Development,External,Completed,338.87,1,2,5
EMP1483,27-Oct-15,14-May-70,56,10,12-Jun-24,29-Mar-25,Research & Development,Laboratory Technician,No,Rarely,No,Male,Married,Life Sciences,4,73602,1,7,Communication Skills,Internal,Passed,260.99,3,5,3
EMP1484,15-Apr-19,06-Feb-92,34,7,27-Jan-24,05-Oct-24,Sales,Area Sales Manager,No,Rarely,No,Male,Married,Technical Degree,3,75170,4,11,Communication Skills,External,Passed,684.82,5,5,5
EMP1485,01-Jun-21,04-May-96,30,5,18-Apr-25,18-Sep-25,Sales,Sales Manager,No,Rarely,Yes,Female,Married,Life Sciences,3,73452,6,22,Technical Skills,Internal,Passed,862.27,3,4,4
EMP1486,03-Jan-23,20-Aug-64,62,3,26-Oct-24,10-Jan-26,Research & Development,Research Director,No,Rarely,No,Male,Married,Technical Degree,4,30000,6,15,Communication Skills,External,Passed,381.3,2,3,4
EMP1487,27-Jan-16,23-May-76,50,10,16-Dec-18,12-Mar-26,Research & Development,Manufacturing Director,No,Rarely,No,Male,Married,Technical Degree,3,67366,2,28,Communication Skills,Internal,Failed,620.01,4,5,2
EMP1488,12-Jun-22,07-Aug-65,61,4,09-May-23,31-May-25,Research & Development,Laboratory Technician,No,Rarely,Yes,Male,Single,Other,4,42678,6,7,Communication Skills,External,Passed,757.27,1,5,4
EMP1489,16-Feb-21,05-Jan-84,42,5,03-Jul-25,19-Dec-25,Research & Development,Laboratory Technician,No,Rarely,Yes,Male,Single,Marketing,5,68423,6,20,Communication Skills,Internal,Incomplete,458.64,4,5,3
EMP1490,16-Oct-17,01-Sep-01,25,8,15-Aug-18,08-Nov-24,Research & Development,Research Scientist,No,Rarely,No,Female,Married,Medical,4,42141,2,26,Project Management,External,Failed,159.69,4,3,2
EMP1491,03-Apr-23,10-Feb-93,33,3,21-Oct-24,11-Feb-26,Sales,Sales Manager,No,Travel,Yes,Male,Single,Medical,4,41300,6,17,Project Management,Internal,Failed,306.27,3,4,5
EMP1492,19-Oct-24,23-Mar-87,39,1,21-Dec-24,28-May-26,Research & Development,Research Scientist,No,Rarely,Yes,Male,Single,Other,4,97098,6,5,Customer Service,External,Passed,894.76,4,4,4
EMP1493,21-Dec-23,01-Dec-76,50,2,15-Jan-25,20-Dec-24,Sales,Sales Representative,No,Rarely,No,Female,Divorced,Life Sciences,4,86388,2,8,Leadership Development,Internal,Completed,842.03,2,2,3
EMP1494,11-Nov-24,05-Feb-90,36,1,13-Dec-25,23-Mar-25,Sales,Area Sales Manager,Yes,Travel,No,Male,Married,Marketing,3,64917,3,10,Technical Skills,Internal,Failed,177.88,5,4,4
EMP1495,03-Sep-23,07-Aug-04,22,2,08-Aug-24,04-Mar-25,Research & Development,Manufacturing Director,Yes,Frequently,Yes,Female,Single,Life Sciences,5,68695,7,6,Customer Service,Internal,Completed,301.55,5,4,3
EMP1496,09-Aug-22,10-Jul-83,43,3,10-Dec-22,22-Jul-24,Research & Development,Research Scientist,No,Rarely,No,Male,Married,Human Resources,3,60041,2,21,Project Management,Internal,Completed,792.25,1,5,4
EMP1497,11-Mar-19,15-Jun-73,53,7,31-Jan-22,21-Jan-25,Research & Development,Research Director,No,Frequently,No,Female,Married,Marketing,2,76397,2,2,Project Management,External,Completed,537.31,5,5,4
EMP1498,16-Feb-26,03-Jun-02,24,0,31-May-26,10-Feb-26,Research & Development,Manufacturing Director,No,Frequently,Yes,Male,Single,Marketing,4,51478,6,26,Project Management,External,Failed,783.97,4,2,1
EMP1499,27-Feb-26,09-Jan-95,31,0,01-Apr-26,25-Oct-25,Research & Development,Research Scientist,No,Rarely,No,Male,Single,Marketing,3,84874,5,28,Customer Service,Internal,Completed,289.98,3,4,3
EMP1500,29-Mar-23,18-Feb-79,47,3,27-Mar-24,11-Jun-24,Research & Development,Research Scientist,No,Rarely,No,Male,Widowed,Other,3,59938,7,5,Project Management,External,Failed,957.43,2,4,4
